timestamp,open,high,low,close,volume
2025-01-13 19:55:00,418.5500,418.7000,418.2600,418.5500,2884
2025-01-13 19:50:00,418.5000,418.7000,418.3901,418.5500,1617
2025-01-13 19:45:00,418.2000,418.5000,418.0000,418.5000,842
2025-01-13 19:40:00,417.9000,418.5000,417.9000,418.2000,457
2025-01-13 19:35:00,418.2000,418.5000,417.9600,418.2900,469
2025-01-13 19:30:00,418.0000,418.5000,417.9000,418.2000,471
2025-01-13 19:25:00,418.0900,418.5000,417.8000,418.0000,439
2025-01-13 19:20:00,418.0000,418.2400,417.8000,418.2400,867
2025-01-13 19:15:00,417.9150,418.1100,417.1900,417.9500,924
2025-01-13 19:10:00,417.9150,418.1100,417.7200,417.9000,195
2025-01-13 19:05:00,418.1100,418.1100,417.7200,417.9150,242
2025-01-13 19:00:00,418.3500,424.6800,417.7200,417.9150,4770
2025-01-13 18:55:00,418.1101,418.7000,418.1100,418.3500,467
2025-01-13 18:50:00,418.6700,418.6700,418.1436,418.4050,608
2025-01-13 18:45:00,418.7000,418.9300,418.5100,418.6050,551
2025-01-13 18:40:00,418.5501,418.9900,418.5100,418.7000,410
2025-01-13 18:35:00,418.4000,418.9900,418.3050,418.7500,2585
2025-01-13 18:30:00,418.2000,418.5000,418.0000,418.3700,1604
2025-01-13 18:25:00,418.1000,418.2000,417.7200,418.2000,572
2025-01-13 18:20:00,418.0000,418.2000,417.7200,418.1000,685
2025-01-13 18:15:00,418.1994,418.2000,417.7200,418.2000,3028
2025-01-13 18:10:00,418.2500,418.2550,417.9250,418.1988,2339
2025-01-13 18:05:00,418.1400,418.5000,418.0100,418.2500,1066
2025-01-13 18:00:00,417.8800,418.2500,417.7100,418.0800,723
2025-01-13 17:55:00,417.9350,418.0500,417.8000,417.8800,379
2025-01-13 17:50:00,418.0700,418.2400,402.5304,417.9350,940
2025-01-13 17:45:00,418.0750,418.2500,392.2682,418.2400,730
2025-01-13 17:40:00,418.1000,443.3769,411.8679,418.0750,722
2025-01-13 17:35:00,410.6445,419.1138,393.8095,418.1000,2041
2025-01-13 17:30:00,417.8700,417.9000,402.5304,417.9000,559
2025-01-13 17:25:00,417.8900,417.9000,417.5600,417.8900,451
2025-01-13 17:20:00,417.5450,417.8900,417.1900,417.7350,816
2025-01-13 17:15:00,417.5450,417.8900,417.2000,417.7000,476
2025-01-13 17:10:00,417.6300,417.8900,417.2000,417.5450,403
2025-01-13 17:05:00,417.5450,417.8900,417.2000,417.5450,341
2025-01-13 17:00:00,417.6000,417.9800,417.2000,417.8000,1465
2025-01-13 16:55:00,417.5000,417.8900,417.1900,417.4650,3253
2025-01-13 16:50:00,417.5900,417.9700,417.2000,417.6500,1075
2025-01-13 16:45:00,417.8350,417.9900,417.1900,417.5500,197524
2025-01-13 16:40:00,417.8400,418.0000,417.6000,417.7950,1261
2025-01-13 16:35:00,418.0000,418.0000,417.6400,417.7600,1098
2025-01-13 16:30:00,417.6550,418.0000,417.1900,417.9000,37670
2025-01-13 16:25:00,417.4300,417.9500,417.1900,417.6550,37565
2025-01-13 16:20:00,417.4300,417.9300,417.2500,417.4900,578
2025-01-13 16:15:00,417.2500,417.9700,417.1900,417.4400,1036
2025-01-13 16:10:00,417.9900,417.9900,417.1900,417.7500,46533
2025-01-13 16:05:00,417.5900,418.6000,417.1900,417.7450,49930
2025-01-13 16:00:00,417.1700,418.0000,416.4600,417.5950,8727428
2025-01-13 15:55:00,417.1500,417.6300,416.9800,417.2300,623500
2025-01-13 15:50:00,416.5900,417.4300,416.5900,417.1700,266775
2025-01-13 15:45:00,416.5836,416.7100,416.4600,416.5500,146583
2025-01-13 15:40:00,416.2600,416.7588,416.2064,416.5860,140948
2025-01-13 15:35:00,416.3100,416.7300,416.0000,416.2252,173786
2025-01-13 15:30:00,416.1600,416.4871,415.9600,416.3100,126127
2025-01-13 15:25:00,416.1500,416.3400,416.0620,416.1400,124320
2025-01-13 15:20:00,416.8650,416.9000,416.0557,416.1500,120898
2025-01-13 15:15:00,416.5500,416.9100,416.4100,416.8700,87776
2025-01-13 15:10:00,416.6699,416.7200,416.4300,416.6000,79660
2025-01-13 15:05:00,416.6100,416.9200,416.6000,416.6800,87966
2025-01-13 15:00:00,416.8150,416.8400,416.4400,416.6300,118386
2025-01-13 14:55:00,416.3500,417.0300,416.3500,416.8100,108306
2025-01-13 14:50:00,415.9050,416.4000,415.8300,416.3900,143052
2025-01-13 14:45:00,416.9200,416.9200,415.7900,415.9000,92994
2025-01-13 14:40:00,416.4500,417.0500,416.3650,416.8801,102088
2025-01-13 14:35:00,416.1750,416.5200,415.8000,416.4100,84251
2025-01-13 14:30:00,416.0300,416.3835,415.9501,416.2500,173844
2025-01-13 14:25:00,415.3000,416.0900,415.1419,416.0700,144625
2025-01-13 14:20:00,414.8000,415.4200,414.6000,415.2500,97312
2025-01-13 14:15:00,414.7540,415.0200,414.6450,414.7700,75176
2025-01-13 14:10:00,414.8989,415.3012,414.7418,414.7418,77974
2025-01-13 14:05:00,414.9350,415.2100,414.7200,414.8900,88045
2025-01-13 14:00:00,414.9000,415.2500,414.6900,414.9200,94330
2025-01-13 13:55:00,414.4200,415.1500,414.3700,414.9800,111669
2025-01-13 13:50:00,414.5900,414.9074,414.3150,414.4550,86892
2025-01-13 13:45:00,414.1200,414.9899,414.0700,414.6450,108422
2025-01-13 13:40:00,414.7000,414.7099,414.1201,414.1900,93577
2025-01-13 13:35:00,414.9800,415.0600,414.4100,414.7300,85494
2025-01-13 13:30:00,415.0850,415.3400,414.6301,415.0150,83373
2025-01-13 13:25:00,414.6200,415.0000,414.5000,415.0000,76851
2025-01-13 13:20:00,414.9400,414.9500,414.3800,414.5600,82092
2025-01-13 13:15:00,415.3200,415.7000,414.9900,414.9900,77894
2025-01-13 13:10:00,415.2000,415.3700,414.9870,415.3640,52693
2025-01-13 13:05:00,415.1700,415.3599,414.9100,415.1700,65812
2025-01-13 13:00:00,415.4687,415.5928,415.1400,415.2000,55839
2025-01-13 12:55:00,414.8200,415.6300,414.7200,415.5000,94341
2025-01-13 12:50:00,414.2600,415.0000,414.2600,414.8150,83183
2025-01-13 12:45:00,414.0750,414.4100,413.9900,414.2500,82673
2025-01-13 12:40:00,413.9700,414.2500,413.8600,414.0700,61555
2025-01-13 12:35:00,414.5932,414.6600,413.9700,414.0250,71367
2025-01-13 12:30:00,414.2250,414.7000,414.0000,414.6100,162027
2025-01-13 12:25:00,414.2664,414.6004,414.1550,414.2250,70288
2025-01-13 12:20:00,414.1200,414.5600,414.0100,414.2950,98583
2025-01-13 12:15:00,414.1700,414.6293,414.0055,414.1850,89371
2025-01-13 12:10:00,413.5850,414.3900,413.5200,414.2150,137020
2025-01-13 12:05:00,413.0300,413.6800,413.0101,413.6400,96194
2025-01-13 12:00:00,412.8000,413.3800,412.5658,413.0700,136387
2025-01-13 11:55:00,413.5600,413.6100,412.2900,412.7687,237150
2025-01-13 11:50:00,414.0250,414.1000,413.5800,413.6000,90329
2025-01-13 11:45:00,414.2800,414.3577,413.8400,414.0268,150355
2025-01-13 11:40:00,413.6200,414.5000,413.6200,414.2800,105383
2025-01-13 11:35:00,413.5600,414.2300,413.3700,413.5562,128741
2025-01-13 11:30:00,413.4400,413.8800,413.4300,413.5600,113241
2025-01-13 11:25:00,413.3900,413.8500,413.3300,413.5000,157648
2025-01-13 11:20:00,413.8000,413.9250,413.3010,413.3400,142485
2025-01-13 11:15:00,414.0500,414.3000,413.7101,413.8000,101903
2025-01-13 11:10:00,413.8950,414.4100,413.8950,414.1250,117467
2025-01-13 11:05:00,414.4500,414.4900,413.5101,413.9300,172164
2025-01-13 11:00:00,414.6500,415.0072,414.4100,414.4500,131344
2025-01-13 10:55:00,415.1300,415.3291,414.4100,414.6600,126041
2025-01-13 10:50:00,415.9562,416.0199,415.0525,415.1400,72839
2025-01-13 10:45:00,415.8100,416.1200,415.6400,415.9100,140926
2025-01-13 10:40:00,415.5850,415.9699,415.2200,415.8100,110047
2025-01-13 10:35:00,414.5100,415.8250,414.4101,415.5850,141152
2025-01-13 10:30:00,414.3350,415.4098,414.2200,414.4650,1297705
2025-01-13 10:25:00,414.3262,414.4700,413.9087,414.3350,138843
2025-01-13 10:20:00,414.4500,414.8800,414.1555,414.2800,142493
2025-01-13 10:15:00,414.4900,414.6450,413.8300,414.4600,231375
2025-01-13 10:10:00,415.1800,415.2800,414.4200,414.4501,129625
2025-01-13 10:05:00,415.2500,416.2000,415.1200,415.1520,167162
2025-01-13 10:00:00,415.0250,415.5000,414.2900,415.1850,157421
2025-01-13 09:55:00,415.2650,415.8706,414.9100,415.0195,156215
2025-01-13 09:50:00,414.4400,415.6374,414.0307,415.3400,271027
2025-01-13 09:45:00,416.1500,416.3200,414.1001,414.4000,300655
2025-01-13 09:40:00,416.7100,416.8700,415.1000,416.1500,300406
2025-01-13 09:35:00,417.1243,418.5000,416.6300,416.6300,319293
2025-01-13 09:30:00,415.2350,417.7000,415.0000,417.1700,695911
2025-01-13 09:25:00,416.5000,417.0000,414.6703,415.1000,34683
2025-01-13 09:20:00,417.0000,417.0000,416.0000,416.6200,4687
2025-01-13 09:15:00,416.0300,421.5350,415.8200,416.5400,6362
2025-01-13 09:10:00,416.2300,416.2800,415.5900,416.2200,4896
2025-01-13 09:05:00,416.2600,416.5100,415.6900,416.2300,3405
2025-01-13 09:00:00,416.3900,416.5500,415.6500,416.2000,8822
2025-01-13 08:55:00,416.3900,416.7700,416.2000,416.2950,2573
2025-01-13 08:50:00,416.5850,416.9900,416.2500,416.7200,3309
2025-01-13 08:45:00,416.5450,416.9900,416.3600,416.6000,2643
2025-01-13 08:40:00,416.7150,417.0000,416.4450,416.5650,1326
2025-01-13 08:35:00,416.7350,417.0600,416.1900,416.7250,3916
2025-01-13 08:30:00,416.5000,417.1000,416.0600,416.4786,3340
2025-01-13 08:25:00,417.2300,417.2300,416.0500,416.4350,9140
2025-01-13 08:20:00,416.8600,417.3700,416.5000,417.1900,2797
2025-01-13 08:15:00,417.0200,417.1725,416.5000,416.8050,1875
2025-01-13 08:10:00,416.6900,417.3300,416.0800,417.1500,7931
2025-01-13 08:05:00,416.7400,418.9500,416.5500,416.7945,1801
2025-01-13 08:00:00,415.9050,418.9500,413.5945,416.7000,34111
2025-01-13 07:55:00,417.1200,417.5000,416.9700,417.0900,2473
2025-01-13 07:50:00,416.9500,417.5000,416.9000,417.2400,2637
2025-01-13 07:45:00,416.8300,416.9900,416.7800,416.8200,1739
2025-01-13 07:40:00,416.6800,416.8800,416.5900,416.7500,996
2025-01-13 07:35:00,416.2500,416.6900,416.2400,416.5800,1668
2025-01-13 07:30:00,416.4700,416.4700,416.0600,416.2500,651
2025-01-13 07:25:00,416.5900,416.8900,416.3500,416.4500,1673
2025-01-13 07:20:00,415.9800,416.7000,415.8200,416.3700,6884
2025-01-13 07:15:00,415.7000,415.9900,415.2900,415.9900,2019
2025-01-13 07:10:00,415.6100,416.0000,415.5200,415.7900,1173
2025-01-13 07:05:00,415.6800,415.8800,415.5200,415.6500,2543
2025-01-13 07:00:00,415.3400,416.1100,415.2000,415.6800,8404
2025-01-13 06:55:00,415.6200,415.6200,415.2300,415.2300,738
2025-01-13 06:50:00,415.4500,415.6200,415.3500,415.6200,615
2025-01-13 06:45:00,415.2400,415.4900,415.2300,415.4900,783
2025-01-13 06:40:00,415.4000,415.5200,415.1200,415.2300,470
2025-01-13 06:35:00,415.2600,415.5300,415.2000,415.4400,1962
2025-01-13 06:30:00,415.5300,415.6200,415.1600,415.2100,1301
2025-01-13 06:25:00,415.5300,415.6200,415.4600,415.6200,1850
2025-01-13 06:20:00,415.5300,415.6100,415.4800,415.5100,1084
2025-01-13 06:15:00,415.4900,415.7000,415.4400,415.4700,3074
2025-01-13 06:10:00,415.3600,415.5000,415.2500,415.4400,1963
2025-01-13 06:05:00,415.5100,415.5900,415.3500,415.3600,478
2025-01-13 06:00:00,415.2800,415.6500,415.2500,415.3700,792
2025-01-13 05:55:00,415.3000,415.3700,415.2500,415.3600,336
2025-01-13 05:50:00,415.5000,415.6000,415.3300,415.3800,394
2025-01-13 05:45:00,415.4700,415.7000,415.3900,415.5400,815
2025-01-13 05:40:00,415.6300,415.7300,415.4100,415.5000,2403
2025-01-13 05:35:00,415.6800,415.8100,415.2100,415.6200,4250
2025-01-13 05:30:00,415.8000,415.9000,415.6200,415.8100,1824
2025-01-13 05:25:00,415.1000,415.9000,415.0200,415.6700,2461
2025-01-13 05:20:00,415.1200,415.4900,415.0000,415.1400,1003
2025-01-13 05:15:00,415.4600,415.5000,415.0100,415.0100,2167
2025-01-13 05:10:00,415.0700,415.5000,415.0600,415.4600,1664
2025-01-13 05:05:00,414.5800,415.1500,414.5500,415.1500,2593
2025-01-13 05:00:00,414.5400,414.6000,414.3600,414.6000,1607
2025-01-13 04:55:00,414.2200,414.5800,414.1600,414.4300,2510
2025-01-13 04:50:00,414.3000,414.4200,414.2100,414.2800,694
2025-01-13 04:45:00,414.2800,414.4300,414.1700,414.3000,686
2025-01-13 04:40:00,414.2700,414.4200,414.0100,414.2900,1168
2025-01-13 04:35:00,413.8400,414.4100,413.8400,414.2700,1486
2025-01-13 04:30:00,414.3900,414.3900,413.6000,413.7000,4159
2025-01-13 04:25:00,414.4800,414.6000,414.3200,414.4200,3269
2025-01-13 04:20:00,414.4200,414.9100,414.4000,414.4400,2631
2025-01-13 04:15:00,414.7200,414.9100,414.3200,414.4400,4807
2025-01-13 04:10:00,414.7200,414.9400,414.5000,414.7200,1721
2025-01-13 04:05:00,414.5700,415.2100,414.3600,415.0000,5020
2025-01-13 04:00:00,417.0000,417.5000,413.8200,414.5400,12966
2025-01-10 19:55:00,419.2500,419.4700,419.0600,419.4700,2377
2025-01-10 19:50:00,419.1900,419.3033,419.0000,419.1250,752
2025-01-10 19:45:00,419.0600,419.4000,419.0600,419.2200,34
2025-01-10 19:40:00,419.1000,419.4000,418.8700,419.0200,1802
2025-01-10 19:35:00,418.9050,419.1000,418.8100,419.0000,486
2025-01-10 19:30:00,418.9900,419.0000,418.9000,418.9600,426
2025-01-10 19:25:00,418.9500,419.0000,418.9000,418.9000,101
2025-01-10 19:20:00,418.9000,419.0000,418.8000,418.9500,70
2025-01-10 19:15:00,418.8800,419.0000,418.8000,418.9000,80
2025-01-10 19:10:00,418.8600,419.0000,418.7400,418.9000,263
2025-01-10 19:05:00,418.8250,419.0000,418.8000,418.9500,71
2025-01-10 19:00:00,418.8250,419.0000,418.6500,418.8300,194
2025-01-10 18:55:00,418.8250,419.0000,418.8000,418.9400,255
2025-01-10 18:50:00,418.8200,419.0000,418.6200,418.8200,197
2025-01-10 18:45:00,419.2000,419.2000,418.7750,418.8100,2236
2025-01-10 18:40:00,418.8000,419.0000,418.6200,419.0000,1551
2025-01-10 18:35:00,418.9300,418.9300,418.7400,418.8200,530
2025-01-10 18:30:00,393.3481,425.0326,390.1102,418.7450,540
2025-01-10 18:25:00,418.6600,418.8200,390.1102,418.7700,1168
2025-01-10 18:20:00,418.7900,418.8200,414.4575,414.4575,337
2025-01-10 18:15:00,418.8000,418.8900,418.7500,418.7850,847
2025-01-10 18:10:00,418.8000,418.8900,418.7800,418.8200,264
2025-01-10 18:05:00,418.8350,418.9200,418.7500,418.8000,214
2025-01-10 18:00:00,418.9100,418.9500,418.7500,418.8350,53058
2025-01-10 17:55:00,418.9700,419.1700,418.8350,418.9200,1106
2025-01-10 17:50:00,419.3200,419.3200,418.9300,418.9800,405
2025-01-10 17:45:00,419.3300,419.3300,418.9300,419.1250,147
2025-01-10 17:40:00,419.1500,419.3300,418.9300,419.1300,1728
2025-01-10 17:35:00,419.1800,419.3400,418.9800,419.1500,1833
2025-01-10 17:30:00,419.1945,419.3500,418.9800,419.0300,143
2025-01-10 17:25:00,419.1700,419.3600,418.9800,419.0900,226
2025-01-10 17:20:00,419.0500,419.3399,418.9800,419.1700,1400
2025-01-10 17:15:00,419.1800,419.3900,418.9800,419.0500,521
2025-01-10 17:10:00,419.0200,419.3900,418.9800,419.1850,248
2025-01-10 17:05:00,419.2000,419.4000,418.9800,419.1900,1399
2025-01-10 17:00:00,418.8250,419.3900,418.7501,419.1800,232238
2025-01-10 16:55:00,418.8700,418.9800,418.7500,418.9000,1423
2025-01-10 16:50:00,418.9100,419.1500,418.7500,418.8900,27931
2025-01-10 16:45:00,418.9500,418.9900,418.7500,418.9700,1027
2025-01-10 16:40:00,418.8700,418.9900,418.7501,418.9700,16637
2025-01-10 16:35:00,418.9000,418.9900,418.7500,418.8700,1584
2025-01-10 16:30:00,418.7600,419.1000,418.7501,418.7800,439
2025-01-10 16:25:00,418.8900,419.1500,418.7500,419.0000,1299
2025-01-10 16:20:00,419.2750,419.3000,418.7500,419.0150,2643
2025-01-10 16:15:00,418.9500,419.4000,418.9500,419.3000,11922
2025-01-10 16:10:00,418.9500,419.3000,418.5000,419.2000,811
2025-01-10 16:05:00,419.1300,419.3250,418.5122,418.9500,195806
2025-01-10 16:00:00,418.9100,419.5000,418.5800,418.9500,9953613
2025-01-10 15:55:00,420.2800,420.2800,418.8000,418.9100,990401
2025-01-10 15:50:00,419.9200,420.4350,419.4400,420.3000,329649
2025-01-10 15:45:00,420.1800,420.2600,419.8800,419.9892,122631
2025-01-10 15:40:00,420.3300,420.3500,419.7100,420.2200,132166
2025-01-10 15:35:00,419.9500,420.7500,419.9300,420.3050,116114
2025-01-10 15:30:00,420.2500,420.3900,419.7100,419.9900,143887
2025-01-10 15:25:00,420.3450,420.5100,420.0800,420.1600,121467
2025-01-10 15:20:00,420.4100,420.5950,420.2300,420.3811,116348
2025-01-10 15:15:00,420.3500,420.6100,420.1100,420.3300,115137
2025-01-10 15:10:00,420.9700,421.1889,420.1901,420.3800,82039
2025-01-10 15:05:00,421.1500,421.7300,420.9400,420.9700,80563
2025-01-10 15:00:00,421.0800,421.3300,420.6000,421.2600,91882
2025-01-10 14:55:00,421.0655,421.5500,420.9000,421.1500,98768
2025-01-10 14:50:00,420.4100,421.0350,420.3700,421.0300,68502
2025-01-10 14:45:00,421.0500,421.2400,420.4101,420.5600,89031
2025-01-10 14:40:00,421.2300,421.4000,420.6900,421.0050,108748
2025-01-10 14:35:00,420.9800,421.3000,420.8000,421.1900,71463
2025-01-10 14:30:00,421.7400,421.7400,420.9800,420.9858,113520
2025-01-10 14:25:00,421.1310,421.8800,421.1200,421.6700,74613
2025-01-10 14:20:00,421.4200,421.5000,420.7500,421.0900,104431
2025-01-10 14:15:00,421.3350,421.8228,421.2500,421.4700,73241
2025-01-10 14:10:00,421.4500,421.7700,421.1100,421.3600,91662
2025-01-10 14:05:00,422.5800,422.5800,421.5010,421.5600,116285
2025-01-10 14:00:00,423.1200,423.2400,422.4500,422.5200,158214
2025-01-10 13:55:00,422.3200,423.3200,422.3200,423.1200,119491
2025-01-10 13:50:00,422.6850,422.6850,421.8688,422.3250,79569
2025-01-10 13:45:00,422.6400,422.7300,421.9776,422.6950,62354
2025-01-10 13:40:00,422.4700,422.9500,422.3900,422.6050,97221
2025-01-10 13:35:00,422.4900,422.9400,422.3000,422.6500,79105
2025-01-10 13:30:00,422.2100,422.6900,421.7500,422.5450,127442
2025-01-10 13:25:00,422.3399,422.7500,421.9000,422.0600,163803
2025-01-10 13:20:00,420.9776,422.4700,420.9400,422.3231,143579
2025-01-10 13:15:00,420.6500,421.0000,420.4700,420.9201,80247
2025-01-10 13:10:00,420.6900,420.9400,420.4301,420.5800,90300
2025-01-10 13:05:00,419.7200,420.6950,419.5700,420.6150,90930
2025-01-10 13:00:00,419.8400,420.0000,419.3200,419.7300,86684
2025-01-10 12:55:00,420.1700,420.3000,419.7500,419.8400,91272
2025-01-10 12:50:00,419.9750,420.2000,419.7400,420.1702,85469
2025-01-10 12:45:00,420.0900,420.3900,419.8500,419.9750,153054
2025-01-10 12:40:00,419.2700,420.1500,419.2000,420.1200,160939
2025-01-10 12:35:00,418.7500,419.4500,418.5500,419.2900,100264
2025-01-10 12:30:00,418.3200,418.7350,418.1400,418.7300,98775
2025-01-10 12:25:00,417.4900,418.3730,417.4900,418.3200,145259
2025-01-10 12:20:00,417.7700,417.8500,417.2200,417.4101,97908
2025-01-10 12:15:00,417.1600,417.8500,417.1600,417.7050,97554
2025-01-10 12:10:00,416.9000,417.3000,416.7500,417.1550,88115
2025-01-10 12:05:00,416.3400,416.9899,416.2400,416.8999,80662
2025-01-10 12:00:00,416.5500,416.6500,416.1500,416.2500,109056
2025-01-10 11:55:00,417.6500,417.6500,416.3800,416.5300,154215
2025-01-10 11:50:00,417.4050,417.9495,417.4050,417.6500,113778
2025-01-10 11:45:00,418.0100,418.3200,417.3000,417.3400,116668
2025-01-10 11:40:00,416.9100,418.0800,416.9100,418.0750,121351
2025-01-10 11:35:00,417.2900,417.4100,416.4800,416.8800,144411
2025-01-10 11:30:00,417.5400,417.8740,417.0900,417.3000,116543
2025-01-10 11:25:00,417.7800,417.9500,417.2400,417.5400,131996
2025-01-10 11:20:00,416.8350,417.9200,416.8350,417.7800,159267
2025-01-10 11:15:00,416.2100,417.2000,416.2100,416.8250,124867
2025-01-10 11:10:00,416.9450,417.0800,416.1201,416.2500,144389
2025-01-10 11:05:00,417.3000,417.3700,416.5550,417.0000,157044
2025-01-10 11:00:00,418.0300,418.2500,416.9200,417.3125,187483
2025-01-10 10:55:00,419.0000,419.0100,417.8992,417.9600,135524
2025-01-10 10:50:00,419.6100,419.7900,418.2600,418.9500,190770
2025-01-10 10:45:00,419.0800,419.8899,415.0300,419.6400,273726
2025-01-10 10:40:00,418.0000,419.1200,417.9000,418.9700,261861
2025-01-10 10:35:00,417.5600,418.5150,417.3950,418.1700,227719
2025-01-10 10:30:00,417.8650,418.2350,417.1350,417.6350,311155
2025-01-10 10:25:00,416.5300,417.9700,416.4100,417.8650,246114
2025-01-10 10:20:00,415.9150,416.8800,415.7250,416.5500,334854
2025-01-10 10:15:00,415.6600,416.3400,415.5800,415.9200,330205
2025-01-10 10:10:00,415.7200,415.9800,415.0200,415.6594,383987
2025-01-10 10:05:00,417.3400,417.4800,415.3000,415.7900,460760
2025-01-10 10:00:00,419.7300,419.7300,417.1800,417.2500,425024
2025-01-10 09:55:00,419.2600,419.7650,418.6800,419.6900,250201
2025-01-10 09:50:00,419.1000,419.6900,418.8900,419.2600,281266
2025-01-10 09:45:00,420.8050,420.9600,418.6300,419.1000,335540
2025-01-10 09:40:00,420.8200,421.3187,419.7500,420.8000,377999
2025-01-10 09:35:00,421.7600,422.2300,420.4000,420.7400,326882
2025-01-10 09:30:00,424.6300,424.7100,421.2500,421.8200,877619
2025-01-10 09:25:00,422.2000,424.9810,421.4500,424.5600,21154
2025-01-10 09:20:00,422.1200,422.4200,421.4500,422.3600,10114
2025-01-10 09:15:00,422.2200,424.1970,422.0600,422.2200,20979
2025-01-10 09:10:00,422.2500,422.5000,422.0000,422.2600,4442
2025-01-10 09:05:00,422.1700,424.5600,421.6600,422.2850,39385
2025-01-10 09:00:00,421.1800,422.4300,420.7600,422.4300,9483
2025-01-10 08:55:00,421.2300,421.6100,420.8500,421.0500,5076
2025-01-10 08:50:00,421.2500,421.5100,420.5347,421.4600,9999
2025-01-10 08:45:00,421.5700,422.0000,420.8000,421.3200,9912
2025-01-10 08:40:00,421.0500,422.0000,421.0200,421.5000,4150
2025-01-10 08:35:00,420.4700,422.0000,420.3100,421.1800,15116
2025-01-10 08:30:00,424.3000,424.3000,420.3000,420.3001,21450
2025-01-10 08:25:00,424.2500,424.3400,424.0160,424.3000,2554
2025-01-10 08:20:00,424.5900,424.7500,424.0084,424.1500,1288
2025-01-10 08:15:00,424.7100,424.8300,424.3000,424.5500,1826
2025-01-10 08:10:00,424.8100,425.0100,424.6000,424.7800,2122
2025-01-10 08:05:00,424.5100,425.0100,424.3000,424.7200,3186
2025-01-10 08:00:00,423.6897,424.8000,422.8912,424.5600,14872
2025-01-10 07:55:00,424.1100,424.1500,424.0500,424.0800,1752
2025-01-10 07:50:00,424.1600,424.2100,424.0000,424.1000,529
2025-01-10 07:45:00,424.0500,424.1700,424.0000,424.1100,2035
2025-01-10 07:40:00,424.1700,424.1700,424.0300,424.0500,873
2025-01-10 07:35:00,424.2000,424.2700,424.1300,424.1500,478
2025-01-10 07:30:00,424.0900,424.2200,424.0600,424.1400,1135
2025-01-10 07:25:00,424.2100,424.2200,424.0000,424.0200,617
2025-01-10 07:20:00,424.0600,424.2500,424.0100,424.2100,258
2025-01-10 07:15:00,423.9500,424.1800,423.8500,424.1500,1312
2025-01-10 07:10:00,424.2900,424.2900,423.6500,423.8300,4286
2025-01-10 07:05:00,424.3600,424.4900,423.6200,424.4000,7257
2025-01-10 07:00:00,424.2600,424.7300,424.2500,424.4600,2446
2025-01-10 06:55:00,424.3200,424.4000,424.2500,424.4000,1935
2025-01-10 06:50:00,424.5700,424.5800,424.2600,424.2600,1005
2025-01-10 06:45:00,424.3900,424.6000,424.3900,424.5900,642
2025-01-10 06:40:00,424.6400,424.6400,424.5000,424.5400,64
2025-01-10 06:35:00,424.5000,424.6500,424.5000,424.6400,452
2025-01-10 06:30:00,424.3600,424.6200,424.3600,424.5000,1938
2025-01-10 06:25:00,424.4900,424.6000,424.3500,424.5000,52
2025-01-10 06:20:00,424.5000,424.6500,424.3600,424.5000,232
2025-01-10 06:15:00,424.5300,424.6900,424.4000,424.5700,219
2025-01-10 06:10:00,424.2800,424.7600,424.2800,424.5300,758
2025-01-10 06:05:00,424.0700,424.2900,424.0400,424.2800,1381
2025-01-10 06:00:00,424.1000,424.1500,424.0000,424.0700,383
2025-01-10 05:55:00,424.0200,424.1600,424.0000,424.1000,139
2025-01-10 05:50:00,424.0600,424.0600,423.9800,423.9800,86
2025-01-10 05:45:00,424.0000,424.0800,423.8300,423.9200,1867
2025-01-10 05:40:00,423.8000,424.0000,423.8000,423.9000,634
2025-01-10 05:35:00,423.7300,423.9600,423.7000,423.9600,520
2025-01-10 05:30:00,423.9500,423.9600,423.7000,423.7200,468
2025-01-10 05:25:00,423.8100,423.9500,423.6600,423.9000,764
2025-01-10 05:20:00,423.7600,423.9000,423.7600,423.8400,439
2025-01-10 05:15:00,423.7200,423.7200,423.6200,423.6200,362
2025-01-10 05:10:00,423.5800,423.7800,423.5800,423.7800,217
2025-01-10 05:05:00,423.6200,423.6500,423.5200,423.5700,113
2025-01-10 05:00:00,423.6900,423.8000,423.5600,423.7600,117
2025-01-10 04:55:00,423.4700,423.7000,423.3600,423.6500,924
2025-01-10 04:50:00,423.3400,423.6000,423.3200,423.4700,254
2025-01-10 04:45:00,423.3700,423.5900,423.3000,423.3500,3694
2025-01-10 04:40:00,423.2300,423.6000,423.2200,423.4000,2511
2025-01-10 04:35:00,423.1900,423.2500,423.1800,423.2300,84
2025-01-10 04:30:00,423.2400,423.2500,423.1900,423.1900,845
2025-01-10 04:25:00,423.3600,423.3600,423.2200,423.2500,364
2025-01-10 04:20:00,423.2000,423.5000,423.1600,423.4000,1928
2025-01-10 04:15:00,423.3000,423.3800,423.1800,423.2000,389
2025-01-10 04:10:00,423.3500,423.3600,423.0600,423.2400,673
2025-01-10 04:05:00,423.4100,423.4100,423.0600,423.4000,433
2025-01-10 04:00:00,423.2600,425.2000,423.0700,423.3600,2356
2025-01-08 19:55:00,423.5800,423.9900,423.2000,423.5950,590
2025-01-08 19:50:00,423.9900,423.9900,423.0300,423.9400,2315
2025-01-08 19:45:00,423.5150,424.0000,423.1500,423.8000,259
2025-01-08 19:40:00,423.0200,424.0000,423.0200,423.7400,145
2025-01-08 19:35:00,423.8300,424.0000,423.0100,423.0200,1793
2025-01-08 19:30:00,424.0000,424.0000,423.5100,423.7550,449
2025-01-08 19:25:00,424.1700,424.3000,423.5100,423.7550,338
2025-01-08 19:20:00,424.0072,424.0200,423.5100,423.9050,269
2025-01-08 19:15:00,424.2988,424.3000,423.5100,423.9800,38
2025-01-08 19:10:00,423.9000,424.3000,423.5000,423.9900,625
2025-01-08 19:05:00,423.9500,424.1500,423.5000,423.5000,436
2025-01-08 19:00:00,423.9700,424.3400,423.8100,423.9700,157
2025-01-08 18:55:00,424.1700,424.3400,423.6185,423.9700,354
2025-01-08 18:50:00,424.1700,424.3400,424.0000,424.1700,52
2025-01-08 18:45:00,424.1700,424.3400,423.7800,424.1700,216
2025-01-08 18:40:00,424.2501,424.3400,424.0000,424.1700,331
2025-01-08 18:35:00,424.1450,424.3400,424.0000,424.3400,482
2025-01-08 18:30:00,424.2400,424.3400,424.0000,424.1500,61
2025-01-08 18:25:00,424.0200,424.3400,423.7000,424.0200,276
2025-01-08 18:20:00,423.9900,424.5600,423.7145,424.0200,7920
2025-01-08 18:15:00,423.9900,424.2800,423.7000,423.9900,154
2025-01-08 18:10:00,423.9750,424.2800,423.9750,423.9900,90
2025-01-08 18:05:00,423.8500,424.3400,423.8000,424.0000,109
2025-01-08 18:00:00,424.1750,424.3400,423.9000,424.0700,43
2025-01-08 17:55:00,423.9900,424.3400,423.8000,424.1750,385
2025-01-08 17:50:00,423.9000,423.9950,423.8000,423.9000,151
2025-01-08 17:45:00,423.9000,424.0000,423.7000,423.9000,96
2025-01-08 17:40:00,423.9000,424.0000,423.6601,423.9000,295
2025-01-08 17:35:00,424.1500,424.3500,423.8000,423.9500,1047
2025-01-08 17:30:00,424.1400,424.3800,424.0000,424.1900,415
2025-01-08 17:25:00,424.1900,440.6342,396.1456,424.1250,656
2025-01-08 17:20:00,404.7278,440.6342,395.9633,424.1900,2371
2025-01-08 17:15:00,424.0000,440.6342,396.1456,396.1456,964
2025-01-08 17:10:00,424.1950,424.3900,424.0000,424.0700,218
2025-01-08 17:05:00,424.0000,424.5600,424.0000,424.0400,166251
2025-01-08 17:00:00,424.0300,424.4500,424.0000,424.0000,241
2025-01-08 16:55:00,424.2250,424.4500,424.0000,424.1600,635
2025-01-08 16:50:00,424.1690,424.5600,423.9500,424.2400,1032
2025-01-08 16:45:00,424.2250,424.5600,423.9500,424.2900,4020
2025-01-08 16:40:00,424.0150,424.5600,423.7500,424.2100,369413
2025-01-08 16:35:00,424.3900,424.5500,423.6300,424.0150,1695
2025-01-08 16:30:00,424.3300,424.5600,424.1100,424.3900,1212
2025-01-08 16:25:00,424.5600,424.5600,424.1000,424.3200,4705
2025-01-08 16:20:00,424.1550,424.7800,423.7500,424.1900,147
2025-01-08 16:15:00,424.2400,424.5600,423.7500,424.1550,240547
2025-01-08 16:10:00,424.5500,424.9900,423.6000,424.1300,6928
2025-01-08 16:05:00,424.5600,424.9900,423.6100,423.6100,30018
2025-01-08 16:00:00,424.4900,424.9900,424.2400,424.6200,7247493
2025-01-08 15:55:00,424.3900,425.1400,424.2000,424.7000,948809
2025-01-08 15:50:00,423.8000,424.8200,423.6100,424.4200,201260
2025-01-08 15:45:00,424.3200,424.3200,423.6000,423.7650,105766
2025-01-08 15:40:00,423.9700,424.4400,423.9200,424.2750,135044
2025-01-08 15:35:00,424.2000,424.3800,423.9302,423.9700,516371
2025-01-08 15:30:00,424.2300,424.4450,424.1200,424.2000,94534
2025-01-08 15:25:00,424.2150,424.4800,424.0700,424.2309,72484
2025-01-08 15:20:00,423.9650,424.3253,423.9101,424.1700,68227
2025-01-08 15:15:00,423.0800,424.1200,423.0800,423.9600,71409
2025-01-08 15:10:00,423.5250,423.8400,423.0500,423.0800,113721
2025-01-08 15:05:00,423.6300,423.6700,423.3129,423.4613,72538
2025-01-08 15:00:00,423.5100,423.7500,423.3100,423.6275,78459
2025-01-08 14:55:00,423.4250,423.8400,423.3000,423.4800,88761
2025-01-08 14:50:00,423.7550,423.9399,423.3400,423.4800,62063
2025-01-08 14:45:00,423.7670,424.0350,423.4500,423.7550,79854
2025-01-08 14:40:00,424.1050,424.2583,423.5257,423.7700,64877
2025-01-08 14:35:00,424.4550,424.6100,424.0600,424.1000,64690
2025-01-08 14:30:00,425.0100,425.0100,424.2000,424.4800,112290
2025-01-08 14:25:00,424.4600,425.3300,424.3302,425.0675,105540
2025-01-08 14:20:00,424.2550,424.6500,424.1600,424.4500,63258
2025-01-08 14:15:00,423.4643,424.3200,423.4400,424.3199,62179
2025-01-08 14:10:00,424.4500,424.5600,423.3900,423.5500,64090
2025-01-08 14:05:00,423.5300,424.5300,423.4900,424.4400,134627
2025-01-08 14:00:00,423.7200,423.7400,423.0201,423.4001,60891
2025-01-08 13:55:00,422.9900,423.7700,422.8243,423.6300,53258
2025-01-08 13:50:00,423.7750,423.9400,422.7800,423.0000,75971
2025-01-08 13:45:00,424.3100,424.3100,423.7700,423.8242,54231
2025-01-08 13:40:00,424.3100,424.3799,423.9200,424.3300,59819
2025-01-08 13:35:00,424.2300,424.3600,424.0800,424.3300,58523
2025-01-08 13:30:00,424.1800,424.3800,423.9400,424.2500,63551
2025-01-08 13:25:00,424.0600,424.6200,424.0100,424.2400,74882
2025-01-08 13:20:00,424.0000,424.1050,423.6800,424.0600,59690
2025-01-08 13:15:00,423.6700,424.0600,423.5800,424.0050,61751
2025-01-08 13:10:00,423.4950,423.9300,423.3682,423.6200,61776
2025-01-08 13:05:00,423.6350,423.8300,423.3446,423.4500,47618
2025-01-08 13:00:00,422.5300,423.7600,422.4200,423.5933,102246
2025-01-08 12:55:00,422.4120,422.8703,422.2050,422.6050,60710
2025-01-08 12:50:00,422.1200,422.5400,422.0600,422.4042,73171
2025-01-08 12:45:00,422.3850,422.4860,421.9200,422.0300,98595
2025-01-08 12:40:00,421.8800,422.5699,421.8747,422.3850,96938
2025-01-08 12:35:00,422.0200,422.1800,421.8000,421.9100,84059
2025-01-08 12:30:00,421.8100,422.3000,421.5400,422.0200,78195
2025-01-08 12:25:00,422.5550,422.9600,421.5400,421.8000,141604
2025-01-08 12:20:00,423.1550,423.2820,422.2600,422.5264,123125
2025-01-08 12:15:00,423.1950,423.2900,422.8300,423.1000,90267
2025-01-08 12:10:00,423.9200,423.9600,423.0900,423.2000,99168
2025-01-08 12:05:00,424.6300,424.6300,423.5950,423.9375,124502
2025-01-08 12:00:00,424.8300,424.9700,424.6000,424.6000,50297
2025-01-08 11:55:00,425.0400,425.0600,424.6600,424.8670,55900
2025-01-08 11:50:00,425.3450,425.3450,424.8694,425.0850,68887
2025-01-08 11:45:00,425.6800,425.7000,425.2301,425.3450,58139
2025-01-08 11:40:00,425.2300,425.8300,424.9800,425.6649,97985
2025-01-08 11:35:00,425.0750,425.4200,424.8700,425.2300,82129
2025-01-08 11:30:00,424.7700,425.4300,424.7450,425.0189,63038
2025-01-08 11:25:00,425.1100,425.1700,424.6300,424.7400,107091
2025-01-08 11:20:00,424.8250,425.2899,424.7000,424.9850,101773
2025-01-08 11:15:00,424.7600,424.9400,424.3400,424.8200,106920
2025-01-08 11:10:00,424.9550,425.4600,424.7601,424.8300,69410
2025-01-08 11:05:00,425.4700,425.5500,424.5300,425.0100,84737
2025-01-08 11:00:00,426.1650,426.3200,425.4100,425.4300,67480
2025-01-08 10:55:00,426.2800,426.3400,425.9300,426.0900,60669
2025-01-08 10:50:00,425.8550,426.5200,425.8550,426.2100,123292
2025-01-08 10:45:00,425.5200,425.9800,425.4700,425.8550,82382
2025-01-08 10:40:00,425.7000,425.8800,425.3200,425.5900,87133
2025-01-08 10:35:00,425.3850,426.3700,425.2800,425.6500,132674
2025-01-08 10:30:00,425.8400,426.1800,425.3000,425.3850,117512
2025-01-08 10:25:00,426.2500,426.4500,425.7600,425.9800,109278
2025-01-08 10:20:00,425.7380,426.3200,425.1496,426.1700,174191
2025-01-08 10:15:00,425.5200,425.9000,424.6300,425.7600,183368
2025-01-08 10:10:00,426.6350,426.9700,425.3200,425.4200,247521
2025-01-08 10:05:00,425.8400,426.7800,425.6500,426.6690,158763
2025-01-08 10:00:00,425.7200,426.5000,425.5239,425.8400,286024
2025-01-08 09:55:00,424.3450,425.8600,424.2200,425.7200,222411
2025-01-08 09:50:00,425.0600,425.8017,423.9100,424.3800,220794
2025-01-08 09:45:00,424.6800,425.3000,424.3505,425.1800,271911
2025-01-08 09:40:00,423.6100,425.1000,423.5900,424.7600,261407
2025-01-08 09:35:00,424.0100,424.1500,423.4812,423.5800,158857
2025-01-08 09:30:00,423.4600,424.4000,422.7900,423.9500,449873
2025-01-08 09:25:00,423.6000,424.4000,423.4600,423.9700,6714
2025-01-08 09:20:00,423.7000,423.8500,423.2800,423.6500,3491
2025-01-08 09:15:00,423.8600,424.0900,423.1000,423.7300,3379
2025-01-08 09:10:00,423.4550,424.4000,423.2803,423.8700,7786
2025-01-08 09:05:00,423.7803,423.7803,423.0500,423.4550,1303
2025-01-08 09:00:00,423.8600,424.3800,423.4000,423.6000,3385
2025-01-08 08:55:00,423.9500,424.0000,423.4100,423.7800,2959
2025-01-08 08:50:00,423.5100,424.0000,423.1700,423.6900,3223
2025-01-08 08:45:00,423.3100,423.6000,422.3700,423.5000,152778
2025-01-08 08:40:00,423.3500,423.6000,423.0500,423.3300,4026
2025-01-08 08:35:00,423.5100,423.7300,423.2300,423.3700,6628
2025-01-08 08:30:00,423.9000,424.4500,423.2300,423.3800,8594
2025-01-08 08:25:00,423.9600,424.4800,423.3900,423.8200,4486
2025-01-08 08:20:00,423.2250,424.2000,423.0000,424.2000,6460
2025-01-08 08:15:00,423.1000,423.7000,423.0150,423.2300,2872
2025-01-08 08:10:00,423.1500,423.2000,422.6900,423.0100,1321
2025-01-08 08:05:00,423.0900,423.3000,422.3552,422.8000,3540
2025-01-08 08:00:00,423.8132,424.9788,421.3300,423.2300,29544
2025-01-08 07:55:00,422.2200,422.4400,422.0100,422.4000,2075
2025-01-08 07:50:00,422.0900,422.5500,422.0500,422.2900,2699
2025-01-08 07:45:00,422.5400,422.5400,422.0900,422.1000,1467
2025-01-08 07:40:00,422.5200,422.5800,422.0700,422.5400,1288
2025-01-08 07:35:00,421.7700,422.9900,421.6400,422.7200,3885
2025-01-08 07:30:00,422.0000,422.0400,421.3300,421.4500,3291
2025-01-08 07:25:00,422.0100,422.5000,421.7000,422.0100,9199
2025-01-08 07:20:00,422.2700,422.3100,421.7800,422.1700,10700
2025-01-08 07:15:00,422.8600,422.9600,422.3000,422.3100,3579
2025-01-08 07:10:00,423.2800,423.5000,422.8800,422.8800,2543
2025-01-08 07:05:00,422.9000,423.4900,422.8100,423.2700,1940
2025-01-08 07:00:00,423.7800,424.0200,422.9100,422.9200,3142
2025-01-08 06:55:00,423.6400,424.0700,423.4600,423.8600,1400
2025-01-08 06:50:00,423.0800,423.7100,422.9900,423.5000,1475
2025-01-08 06:45:00,422.7400,423.2400,422.4000,423.0800,2711
2025-01-08 06:40:00,422.6300,422.7900,422.2600,422.7700,2514
2025-01-08 06:35:00,422.7500,423.4000,422.6000,422.7100,1630
2025-01-08 06:30:00,424.3700,424.3700,422.3200,422.7500,4961
2025-01-08 06:25:00,424.8700,424.8700,424.0600,424.3000,3306
2025-01-08 06:20:00,424.7400,424.9100,424.7200,424.9000,285
2025-01-08 06:15:00,424.9000,424.9900,424.7800,424.8100,1058
2025-01-08 06:10:00,424.8700,424.9400,424.8000,424.8800,241
2025-01-08 06:05:00,424.8700,424.8700,424.7700,424.8000,94
2025-01-08 06:00:00,424.8000,424.9300,424.7200,424.8700,347
2025-01-08 05:55:00,424.6400,424.8000,424.6400,424.8000,762
2025-01-08 05:50:00,424.6900,424.7100,424.6000,424.7000,123
2025-01-08 05:45:00,424.6200,424.7000,424.6200,424.6900,146
2025-01-08 05:40:00,424.5700,424.6500,424.4900,424.6500,285
2025-01-08 05:35:00,424.5300,424.6800,424.5300,424.5600,80
2025-01-08 05:30:00,424.6200,424.6800,424.5000,424.5300,449
2025-01-08 05:25:00,424.7600,424.7600,424.6100,424.7000,114
2025-01-08 05:20:00,424.7700,424.7700,424.6600,424.6600,148
2025-01-08 05:15:00,424.6200,424.7900,424.5400,424.7300,668
2025-01-08 05:10:00,424.6200,424.6400,424.4500,424.5200,552
2025-01-08 05:05:00,424.5900,424.6200,424.5300,424.5500,437
2025-01-08 05:00:00,424.4500,424.6600,424.4500,424.6200,986
2025-01-08 04:55:00,424.4500,424.4900,424.3500,424.4500,291
2025-01-08 04:50:00,424.3900,424.4900,424.3200,424.4500,614
2025-01-08 04:45:00,424.4200,424.5300,424.2600,424.3900,117
2025-01-08 04:40:00,424.4300,424.5600,424.4200,424.5000,134
2025-01-08 04:35:00,424.6000,424.6500,424.4200,424.4400,523
2025-01-08 04:30:00,424.4900,424.6600,424.4200,424.6000,354
2025-01-08 04:25:00,424.8000,424.8500,424.4800,424.5100,682
2025-01-08 04:20:00,424.6800,424.9900,424.6800,424.8800,1130
2025-01-08 04:15:00,424.3000,424.7700,424.3000,424.6900,2208
2025-01-08 04:10:00,424.3000,424.4300,424.1300,424.3200,1057
2025-01-08 04:05:00,423.9100,424.4600,423.8200,424.3000,1511
2025-01-08 04:00:00,424.3500,424.5500,423.5000,423.9400,4009
2025-01-07 19:55:00,423.6900,423.6900,423.4800,423.5850,618
2025-01-07 19:50:00,423.6000,423.7000,423.4800,423.6800,1125
2025-01-07 19:45:00,423.6250,423.7000,423.5500,423.6000,427
2025-01-07 19:40:00,423.6250,423.7000,423.5500,423.7000,437
2025-01-07 19:35:00,423.6975,423.7000,423.5500,423.6300,325
2025-01-07 19:30:00,423.6500,423.7000,423.4750,423.6500,1486
2025-01-07 19:25:00,423.6999,423.7000,423.2500,423.6999,260
2025-01-07 19:20:00,423.5600,423.7000,423.2500,423.5000,698
2025-01-07 19:15:00,423.7800,423.9000,423.2000,423.3000,660
2025-01-07 19:10:00,423.0000,423.5900,422.8100,423.5900,3260
2025-01-07 19:05:00,423.1400,423.2000,422.7500,422.9700,334
2025-01-07 19:00:00,422.9050,423.1988,422.7600,423.0950,538
2025-01-07 18:55:00,422.9600,423.0500,422.7000,423.0500,1236
2025-01-07 18:50:00,422.8000,422.9900,422.7000,422.9878,1050
2025-01-07 18:45:00,422.7300,422.9900,422.7000,422.8450,603
2025-01-07 18:40:00,422.9600,422.9900,422.7100,422.7300,181
2025-01-07 18:35:00,422.9900,422.9900,422.7000,422.9300,671
2025-01-07 18:30:00,422.8000,422.9900,422.7000,422.8450,754
2025-01-07 18:25:00,422.9800,422.9900,422.7000,422.8200,792
2025-01-07 18:20:00,422.6987,422.9800,422.6500,422.8400,554
2025-01-07 18:15:00,422.9500,422.9800,422.6700,422.8200,289
2025-01-07 18:10:00,422.7250,422.9800,422.6500,422.8150,1390
2025-01-07 18:05:00,423.1000,423.2000,422.6500,422.7900,2779
2025-01-07 18:00:00,423.1000,423.2000,423.0000,423.2000,2458
2025-01-07 17:55:00,423.1000,423.2000,423.1000,423.1500,311
2025-01-07 17:50:00,423.1600,423.2000,423.1000,423.1800,250
2025-01-07 17:45:00,423.1050,423.2000,423.0100,423.2000,421
2025-01-07 17:40:00,423.1500,423.2000,423.0100,423.1050,285
2025-01-07 17:35:00,423.1600,423.2000,423.0100,423.1500,956
2025-01-07 17:30:00,423.2800,425.3800,423.1100,423.1550,319
2025-01-07 17:25:00,423.2800,423.5000,423.1100,423.1197,250
2025-01-07 17:20:00,423.3000,423.5000,423.1000,423.3000,475
2025-01-07 17:15:00,423.2700,423.4900,423.1000,423.2500,371
2025-01-07 17:10:00,423.0999,426.5734,418.2436,423.5000,1502
2025-01-07 17:05:00,423.0000,450.4000,396.9268,423.0999,1131490
2025-01-07 17:00:00,422.8200,445.1600,397.8632,423.0450,1123
2025-01-07 16:55:00,422.8300,445.1600,422.3700,422.3700,634
2025-01-07 16:50:00,423.3000,423.4900,422.8700,423.0862,2331
2025-01-07 16:45:00,423.1800,423.3700,422.3700,423.2400,4889
2025-01-07 16:40:00,423.2000,423.2000,422.3700,423.1850,967
2025-01-07 16:35:00,423.1200,423.4600,422.3700,423.1000,241281
2025-01-07 16:30:00,423.1800,423.5000,423.0000,423.2350,2263
2025-01-07 16:25:00,423.0000,423.5000,422.3700,423.0100,131482
2025-01-07 16:20:00,423.3700,423.4500,422.3700,423.1200,10739
2025-01-07 16:15:00,422.3700,423.5500,422.3700,423.3500,3624
2025-01-07 16:10:00,422.8600,423.2250,422.3700,423.1500,335440
2025-01-07 16:05:00,422.7000,422.8700,422.3700,422.7200,28141
2025-01-07 16:00:00,422.4900,422.8900,422.3120,422.6600,9417890
2025-01-07 15:55:00,422.5600,422.8700,422.0800,422.4900,559109
2025-01-07 15:50:00,422.1200,422.7500,421.8900,422.5497,330768
2025-01-07 15:45:00,421.7400,422.2800,421.5100,422.1600,137926
2025-01-07 15:40:00,421.7350,422.5000,421.7300,421.7300,173991
2025-01-07 15:35:00,421.2850,421.7699,420.8000,421.7500,180863
2025-01-07 15:30:00,422.1200,422.3300,421.2500,421.2800,198271
2025-01-07 15:25:00,422.3700,422.6068,421.9500,422.0901,107381
2025-01-07 15:20:00,422.8700,422.8800,422.2000,422.3200,111939
2025-01-07 15:15:00,423.0000,423.1500,422.8000,422.8700,98846
2025-01-07 15:10:00,423.3900,423.3900,422.8800,422.9600,108920
2025-01-07 15:05:00,423.6366,423.8556,423.3350,423.3900,64775
2025-01-07 15:00:00,423.7400,423.7774,423.3422,423.6000,56604
2025-01-07 14:55:00,423.7100,423.8700,423.6300,423.7600,74381
2025-01-07 14:50:00,423.4800,423.9100,423.4300,423.7500,71541
2025-01-07 14:45:00,423.8586,424.0700,423.4300,423.5050,50561
2025-01-07 14:40:00,423.5950,423.8700,423.1600,423.8600,74635
2025-01-07 14:35:00,424.0050,424.0799,423.5500,423.5900,68206
2025-01-07 14:30:00,424.4600,424.5899,423.9100,424.0000,64257
2025-01-07 14:25:00,424.2900,424.6400,424.2800,424.4600,92335
2025-01-07 14:20:00,424.1700,424.3200,424.0700,424.3000,60770
2025-01-07 14:15:00,424.1050,424.3100,423.9200,424.1700,82492
2025-01-07 14:10:00,424.0500,424.3700,424.0000,424.1500,76602
2025-01-07 14:05:00,423.6700,424.0730,423.6550,424.0487,38930
2025-01-07 14:00:00,423.3900,423.8819,423.3400,423.6700,62590
2025-01-07 13:55:00,423.4650,423.5099,423.1900,423.3750,47525
2025-01-07 13:50:00,423.3700,423.5600,423.1950,423.4650,49242
2025-01-07 13:45:00,423.1900,423.4779,423.0800,423.4250,55324
2025-01-07 13:40:00,423.3100,423.3600,422.9400,423.1600,76284
2025-01-07 13:35:00,423.6700,423.6700,423.1800,423.3100,77653
2025-01-07 13:30:00,424.1700,424.2000,423.6200,423.6700,79578
2025-01-07 13:25:00,424.0450,424.4700,423.9050,424.2000,79792
2025-01-07 13:20:00,423.9400,424.2000,423.7700,424.0300,87155
2025-01-07 13:15:00,424.2300,424.2480,423.8650,424.0022,85735
2025-01-07 13:10:00,424.4200,424.5267,423.9000,424.2150,72350
2025-01-07 13:05:00,423.9400,424.5000,423.8800,424.4400,68270
2025-01-07 13:00:00,423.7200,424.1900,423.6700,423.9500,71915
2025-01-07 12:55:00,423.1430,423.8600,423.0600,423.7250,63924
2025-01-07 12:50:00,423.1800,423.2754,422.7600,423.1735,79334
2025-01-07 12:45:00,423.3050,423.5250,423.1300,423.1800,60882
2025-01-07 12:40:00,423.6600,423.6600,423.2000,423.3699,68347
2025-01-07 12:35:00,423.8250,423.8800,423.5800,423.7400,67029
2025-01-07 12:30:00,423.5700,423.9900,423.5700,423.8600,87467
2025-01-07 12:25:00,423.8000,423.9100,423.3500,423.5900,82923
2025-01-07 12:20:00,424.1764,424.1850,423.5500,423.7700,127574
2025-01-07 12:15:00,424.6000,424.6657,423.8780,424.2500,123416
2025-01-07 12:10:00,424.3800,424.7500,424.1100,424.6900,170126
2025-01-07 12:05:00,424.4016,424.6500,424.2640,424.3400,64225
2025-01-07 12:00:00,424.4900,424.9326,424.2900,424.3100,61913
2025-01-07 11:55:00,424.7900,424.9200,424.3600,424.5850,77853
2025-01-07 11:50:00,425.7000,425.7800,424.6000,424.7700,93228
2025-01-07 11:45:00,425.6500,426.1399,425.3700,425.6150,141518
2025-01-07 11:40:00,425.8700,425.9100,424.9800,425.6500,108161
2025-01-07 11:35:00,425.2450,425.9400,424.6200,425.9350,198959
2025-01-07 11:30:00,426.0000,426.0746,425.0500,425.2325,205886
2025-01-07 11:25:00,425.6700,426.1599,425.5600,426.0899,141069
2025-01-07 11:20:00,425.5829,426.0600,425.2000,425.6954,235872
2025-01-07 11:15:00,425.8100,425.9300,425.3200,425.5400,127381
2025-01-07 11:10:00,426.9800,426.9800,425.4800,425.8150,179982
2025-01-07 11:05:00,427.0900,427.1595,426.3500,426.9200,104530
2025-01-07 11:00:00,427.0300,427.1800,426.5000,427.0170,228693
2025-01-07 10:55:00,426.0000,427.1822,425.9900,426.9700,126689
2025-01-07 10:50:00,426.2700,426.4029,425.7100,425.9500,123222
2025-01-07 10:45:00,426.1100,426.2750,425.5850,426.2200,117406
2025-01-07 10:40:00,426.1300,426.4700,425.6200,426.1450,214344
2025-01-07 10:35:00,427.2800,430.0000,426.0875,426.1699,235722
2025-01-07 10:30:00,428.7100,428.7900,427.1900,427.2000,230168
2025-01-07 10:25:00,429.0000,429.3850,428.7300,428.7900,167155
2025-01-07 10:20:00,428.3300,428.9900,427.9900,428.9300,118871
2025-01-07 10:15:00,428.7600,428.7723,427.8900,428.2100,156687
2025-01-07 10:10:00,428.7000,429.4400,428.3300,428.7350,192048
2025-01-07 10:05:00,428.8600,429.4840,428.6600,428.7800,202414
2025-01-07 10:00:00,430.3000,430.3000,428.7000,428.8200,221001
2025-01-07 09:55:00,430.0900,430.6500,429.5100,430.3700,215488
2025-01-07 09:50:00,429.1500,430.2020,428.9200,430.0700,187313
2025-01-07 09:45:00,429.5200,429.9029,429.0700,429.2200,265905
2025-01-07 09:40:00,427.8000,429.5700,427.6900,429.5200,241307
2025-01-07 09:35:00,427.5420,428.4300,427.1900,427.8300,185628
2025-01-07 09:30:00,429.0000,430.4050,427.1550,427.6807,967114
2025-01-07 09:25:00,429.2100,430.4900,429.0800,429.1100,30855
2025-01-07 09:20:00,430.3050,430.3050,429.0000,429.2000,3313
2025-01-07 09:15:00,429.2600,429.6300,429.0300,429.2600,6343
2025-01-07 09:10:00,429.2000,429.3000,429.0100,429.2400,2976
2025-01-07 09:05:00,429.3000,429.4100,429.0000,429.1600,3778
2025-01-07 09:00:00,429.4000,429.6300,429.2500,429.3700,2501
2025-01-07 08:55:00,429.3000,429.4100,429.2000,429.3500,1347
2025-01-07 08:50:00,429.2500,429.4085,429.1500,429.3200,4857
2025-01-07 08:45:00,429.1800,429.3500,429.0100,429.2800,826
2025-01-07 08:40:00,428.8800,429.4300,428.8800,429.2200,4327
2025-01-07 08:35:00,429.2150,429.3200,428.8000,428.8700,4488
2025-01-07 08:30:00,429.2400,429.4662,429.0750,429.3910,2557
2025-01-07 08:25:00,429.2100,429.3200,429.1000,429.2000,1434
2025-01-07 08:20:00,429.4000,429.5000,429.2000,429.2800,3279
2025-01-07 08:15:00,429.0300,429.5000,429.0100,429.3900,2793
2025-01-07 08:10:00,428.4800,429.0600,428.3100,429.0300,2393
2025-01-07 08:05:00,428.6167,428.7100,427.8500,428.5100,2048
2025-01-07 08:00:00,429.9500,430.1159,421.8400,427.8500,16378
2025-01-07 07:55:00,429.1300,429.1500,428.6100,428.8200,2210
2025-01-07 07:50:00,429.1300,429.4100,429.1000,429.1800,2413
2025-01-07 07:45:00,429.2700,429.2700,429.1000,429.1500,785
2025-01-07 07:40:00,429.1600,429.3000,429.1600,429.2400,1816
2025-01-07 07:35:00,429.3000,429.4300,429.0800,429.0800,1514
2025-01-07 07:30:00,429.2500,429.3000,429.1400,429.3000,1564
2025-01-07 07:25:00,429.0800,429.3800,429.0100,429.2600,1740
2025-01-07 07:20:00,429.2300,429.4300,429.1000,429.1000,1091
2025-01-07 07:15:00,429.1100,429.4000,429.0000,429.2300,1345
2025-01-07 07:10:00,429.4700,429.6100,429.0700,429.0700,797
2025-01-07 07:05:00,429.5500,429.7100,429.0800,429.5100,5067
2025-01-07 07:00:00,429.8200,429.9800,429.2500,429.5300,4272
2025-01-07 06:55:00,429.8400,429.9900,429.8100,429.8600,1079
2025-01-07 06:50:00,429.9800,430.0200,429.8400,429.8400,1220
2025-01-07 06:45:00,429.9500,430.0300,429.8700,429.9800,460
2025-01-07 06:40:00,430.1500,430.1500,429.8400,429.9500,1137
2025-01-07 06:35:00,429.7000,430.1700,429.7000,430.1700,2930
2025-01-07 06:30:00,429.8800,429.9000,429.7000,429.7000,2106
2025-01-07 06:25:00,429.6800,429.9000,429.6800,429.8600,824
2025-01-07 06:20:00,429.5800,429.6900,429.5500,429.6700,580
2025-01-07 06:15:00,429.7200,429.7200,429.5500,429.6300,1986
2025-01-07 06:10:00,429.7300,429.7800,429.5600,429.7000,1291
2025-01-07 06:05:00,429.7500,429.7600,429.5700,429.6300,421
2025-01-07 06:00:00,429.7400,429.8200,429.5500,429.7800,1676
2025-01-07 05:55:00,429.7200,429.8000,429.7200,429.7700,675
2025-01-07 05:50:00,429.6300,429.8000,429.6200,429.7900,564
2025-01-07 05:45:00,429.7600,429.7600,429.5800,429.6500,512
2025-01-07 05:40:00,429.5700,429.8300,429.5700,429.7600,1804
2025-01-07 05:35:00,429.6700,429.7500,429.5500,429.6500,1033
2025-01-07 05:30:00,429.6500,429.7900,429.6300,429.6700,511
2025-01-07 05:25:00,429.6500,429.7300,429.5800,429.6300,892
2025-01-07 05:20:00,429.4100,429.7300,429.4100,429.6600,1845
2025-01-07 05:15:00,429.4500,429.5500,429.3600,429.4500,405
2025-01-07 05:10:00,428.9500,429.4500,428.9000,429.4200,1618
2025-01-07 05:05:00,428.9000,428.9500,428.7000,428.9500,418
2025-01-07 05:00:00,428.9600,428.9600,428.4000,428.6900,1415
2025-01-07 04:55:00,428.9100,429.1000,428.7000,428.9500,1730
2025-01-07 04:50:00,429.3000,429.3000,428.5700,428.6800,4114
2025-01-07 04:45:00,429.3000,429.4400,428.8500,429.2900,4070
2025-01-07 04:40:00,429.4000,429.5600,429.3000,429.3100,879
2025-01-07 04:35:00,429.4600,429.6000,429.3200,429.4000,2570
2025-01-07 04:30:00,429.5900,429.6600,429.4000,429.4000,1921
2025-01-07 04:25:00,429.5900,429.7100,429.4600,429.6400,739
2025-01-07 04:20:00,429.5600,429.7100,429.4100,429.7100,1944
2025-01-07 04:15:00,429.4700,429.6000,429.3100,429.5100,1784
2025-01-07 04:10:00,429.5300,429.7000,429.3000,429.5000,3344
2025-01-07 04:05:00,428.3300,429.4200,428.3200,429.3900,3567
2025-01-07 04:00:00,428.3000,429.4200,428.2200,428.4900,3544
2025-01-06 19:55:00,428.3900,428.6000,428.0100,428.5500,2010
2025-01-06 19:50:00,428.4750,428.5000,428.2600,428.4700,1157
2025-01-06 19:45:00,428.5250,428.6000,428.4500,428.4750,858
2025-01-06 19:40:00,428.5014,428.6000,428.5000,428.5250,901
2025-01-06 19:35:00,428.5000,428.6000,428.4000,428.5250,103
2025-01-06 19:30:00,428.4700,428.6000,428.3400,428.3400,1632
2025-01-06 19:25:00,428.4150,428.6000,427.8500,428.3477,5406
2025-01-06 19:20:00,428.5200,428.7800,428.2300,428.2300,883
2025-01-06 19:15:00,428.5500,428.7800,428.5000,428.5200,569
2025-01-06 19:10:00,428.4600,428.7800,428.2000,428.5500,522
2025-01-06 19:05:00,428.3800,428.7700,428.3600,428.3800,2933
2025-01-06 19:00:00,428.5750,428.7700,428.3800,428.4800,1347
2025-01-06 18:55:00,428.5800,428.7800,428.3800,428.4900,772
2025-01-06 18:50:00,428.5715,428.7800,428.3800,428.5800,1600
2025-01-06 18:45:00,428.4500,428.7300,428.3800,428.5400,941
2025-01-06 18:40:00,428.5750,428.7000,428.3800,428.3900,338
2025-01-06 18:35:00,428.5100,428.7800,428.3800,428.7700,2627
2025-01-06 18:30:00,428.5200,428.6600,428.3800,428.5800,127
2025-01-06 18:25:00,428.4000,428.6600,428.3800,428.5200,493
2025-01-06 18:20:00,428.3800,428.7800,428.3800,428.4800,943
2025-01-06 18:15:00,428.5100,428.7800,428.3800,428.5750,462
2025-01-06 18:10:00,428.4082,428.6500,428.3650,428.6400,1293
2025-01-06 18:05:00,428.3850,428.4300,428.3400,428.3750,330
2025-01-06 18:00:00,428.4300,428.5000,428.3200,428.4200,571
2025-01-06 17:55:00,428.2350,428.4300,428.0400,428.4200,311
2025-01-06 17:50:00,428.2200,428.4300,428.0200,428.3200,372
2025-01-06 17:45:00,428.1100,428.4300,428.0100,428.4300,217
2025-01-06 17:40:00,428.3500,428.4200,428.0100,428.2300,656
2025-01-06 17:35:00,428.3000,428.5000,428.3000,428.3500,687
2025-01-06 17:30:00,428.1000,428.5000,428.1000,428.4200,428
2025-01-06 17:25:00,428.2700,428.3500,428.0000,428.1000,183
2025-01-06 17:20:00,428.2400,428.5000,428.0000,428.2700,162
2025-01-06 17:15:00,428.4800,428.5000,427.9100,428.5000,948
2025-01-06 17:10:00,428.3900,458.0015,399.5051,428.3200,282490
2025-01-06 17:05:00,428.6100,430.9822,399.3309,428.2550,4204
2025-01-06 17:00:00,428.5750,432.3812,399.3309,428.6000,3041
2025-01-06 16:55:00,428.0450,432.3812,409.9936,417.7946,3635
2025-01-06 16:50:00,428.0450,430.9822,422.9040,428.0100,903
2025-01-06 16:45:00,427.9250,428.1900,427.8500,428.1100,8500
2025-01-06 16:40:00,427.9250,428.0000,427.8500,427.9250,1708
2025-01-06 16:35:00,428.1000,428.1000,427.8500,427.9000,1892
2025-01-06 16:30:00,428.0600,428.2400,428.0000,428.0700,1200
2025-01-06 16:25:00,428.1000,428.1900,427.8500,428.0047,825667
2025-01-06 16:20:00,427.8500,457.0000,427.8500,428.0982,3740
2025-01-06 16:15:00,427.9250,428.0000,427.8500,427.8707,301683
2025-01-06 16:10:00,427.8850,428.0000,427.5200,427.9250,2453
2025-01-06 16:05:00,427.6000,428.0000,427.2600,427.8850,12622
2025-01-06 16:00:00,428.0700,428.6600,427.3750,427.5000,9387513
2025-01-06 15:55:00,427.2000,428.0800,427.1700,428.0700,824160
2025-01-06 15:50:00,426.7800,427.6450,426.7100,427.1800,298709
2025-01-06 15:45:00,427.0700,427.2400,426.6850,426.9000,124736
2025-01-06 15:40:00,426.7000,427.0800,426.5700,427.0700,124381
2025-01-06 15:35:00,426.7400,427.0500,426.6800,426.7800,138928
2025-01-06 15:30:00,426.6200,427.0200,426.5900,426.7500,126482
2025-01-06 15:25:00,426.7872,426.7872,426.5100,426.6200,83544
2025-01-06 15:20:00,426.5800,426.8800,426.2700,426.7700,99847
2025-01-06 15:15:00,426.5000,426.6600,426.3300,426.5400,114813
2025-01-06 15:10:00,426.2150,426.5588,426.1800,426.5000,84620
2025-01-06 15:05:00,426.4000,426.5000,426.1000,426.2300,61525
2025-01-06 15:00:00,425.9900,426.4700,425.8400,426.3600,74712
2025-01-06 14:55:00,426.5200,426.6000,425.9300,426.0700,101379
2025-01-06 14:50:00,426.8800,426.9250,426.4000,426.4800,55227
2025-01-06 14:45:00,426.7450,426.9150,426.4700,426.8600,69731
2025-01-06 14:40:00,426.5501,426.7800,426.4000,426.7450,81900
2025-01-06 14:35:00,426.6900,426.7350,426.4800,426.5700,66077
2025-01-06 14:30:00,427.0400,427.1250,426.4899,426.6800,102168
2025-01-06 14:25:00,426.7744,427.2000,426.6500,427.0060,86153
2025-01-06 14:20:00,426.9087,427.0400,426.7500,426.8000,73049
2025-01-06 14:15:00,426.6000,427.1300,426.5385,426.9100,72776
2025-01-06 14:10:00,426.5290,426.8000,426.2700,426.6000,88393
2025-01-06 14:05:00,426.0800,426.6500,426.0600,426.5350,89221
2025-01-06 14:00:00,426.0675,426.2496,425.4774,426.0872,145277
2025-01-06 13:55:00,426.4001,426.7500,426.0013,426.0400,82521
2025-01-06 13:50:00,425.9300,426.6000,425.8800,426.4550,107579
2025-01-06 13:45:00,426.6200,426.6900,425.7700,425.9200,149047
2025-01-06 13:40:00,427.2850,427.2850,426.5900,426.6400,107056
2025-01-06 13:35:00,427.8050,427.8800,427.0701,427.2950,119128
2025-01-06 13:30:00,428.0050,428.3381,427.5600,427.8050,132432
2025-01-06 13:25:00,427.7400,428.0874,427.7400,428.0050,88921
2025-01-06 13:20:00,427.9550,428.1440,427.7433,427.7638,107027
2025-01-06 13:15:00,428.2400,428.2500,427.6606,428.0000,103496
2025-01-06 13:10:00,428.5100,428.7800,428.1700,428.2500,104347
2025-01-06 13:05:00,428.2200,428.6600,428.0900,428.4700,131402
2025-01-06 13:00:00,428.6900,428.7692,427.7884,428.1900,191422
2025-01-06 12:55:00,429.0288,429.0288,428.5600,428.7600,89071
2025-01-06 12:50:00,429.4600,429.5756,428.8000,428.9500,94684
2025-01-06 12:45:00,429.3200,429.4939,428.9900,429.4100,87339
2025-01-06 12:40:00,429.6200,429.8300,429.0000,429.2934,119843
2025-01-06 12:35:00,430.4500,430.6200,429.6400,429.6800,151815
2025-01-06 12:30:00,430.3400,430.5350,430.1301,430.4400,138803
2025-01-06 12:25:00,430.9200,430.9400,430.1400,430.3700,107376
2025-01-06 12:20:00,430.8100,431.1600,430.7100,430.9200,136761
2025-01-06 12:15:00,431.2500,431.2601,430.6100,430.8101,140643
2025-01-06 12:10:00,431.7800,431.7800,431.0110,431.2600,78532
2025-01-06 12:05:00,431.7987,432.0100,431.6300,431.8300,76197
2025-01-06 12:00:00,431.2300,431.8353,431.0000,431.8350,89990
2025-01-06 11:55:00,431.4429,431.4816,431.1800,431.2550,92440
2025-01-06 11:50:00,431.6000,431.6426,431.2800,431.4500,94445
2025-01-06 11:45:00,431.5150,431.7400,431.4300,431.6470,94226
2025-01-06 11:40:00,431.6500,431.8500,431.4081,431.5150,98142
2025-01-06 11:35:00,431.7500,431.8342,431.4900,431.6366,91059
2025-01-06 11:30:00,431.8750,432.1900,431.5701,431.7300,140923
2025-01-06 11:25:00,431.1050,432.0600,430.9500,431.8750,157946
2025-01-06 11:20:00,431.6200,431.9200,430.9900,431.0894,147069
2025-01-06 11:15:00,431.8800,432.0600,431.2300,431.6500,142571
2025-01-06 11:10:00,432.0700,432.3300,431.6800,431.9500,115356
2025-01-06 11:05:00,431.8200,432.2710,431.6500,432.0400,141150
2025-01-06 11:00:00,432.2200,432.3400,431.2700,431.8600,150605
2025-01-06 10:55:00,431.6600,432.3300,431.3950,432.1925,174163
2025-01-06 10:50:00,432.4700,432.5450,431.4800,431.6900,164074
2025-01-06 10:45:00,432.4850,432.8200,432.3050,432.4600,150478
2025-01-06 10:40:00,431.9900,432.5900,431.7450,432.5125,164948
2025-01-06 10:35:00,431.2214,432.3200,430.9300,431.8300,209483
2025-01-06 10:30:00,432.6475,432.7100,431.0800,431.2800,192741
2025-01-06 10:25:00,432.9150,433.4900,432.4700,432.6485,273732
2025-01-06 10:20:00,433.0600,434.3200,432.5200,432.8750,384664
2025-01-06 10:15:00,431.7350,433.2500,431.6900,433.1000,310816
2025-01-06 10:10:00,430.8875,431.8900,430.4650,431.7350,370618
2025-01-06 10:05:00,430.9000,431.1950,430.6300,430.8650,233467
2025-01-06 10:00:00,430.9800,431.3400,430.4850,430.8700,192893
2025-01-06 09:55:00,431.0200,431.8700,430.2001,430.9600,245816
2025-01-06 09:50:00,430.0700,431.9800,429.7850,431.0550,380863
2025-01-06 09:45:00,429.7700,431.0000,429.6300,430.0400,397549
2025-01-06 09:40:00,428.8199,430.8450,428.6400,429.7600,657481
2025-01-06 09:35:00,427.8850,428.8000,427.4200,428.7300,353833
2025-01-06 09:30:00,428.0000,428.9100,426.7700,427.9300,1064165
2025-01-06 09:25:00,427.1200,428.6500,421.5000,428.0100,21606
2025-01-06 09:20:00,426.7000,427.4000,426.5100,427.1000,5660
2025-01-06 09:15:00,427.5600,427.6000,426.0500,426.7600,40672
2025-01-06 09:10:00,427.4750,427.6100,427.1400,427.5700,5809
2025-01-06 09:05:00,427.6000,427.8000,427.0000,427.6000,12730
2025-01-06 09:00:00,428.0600,428.1000,427.5000,427.5800,10320
2025-01-06 08:55:00,428.0800,428.1500,427.7500,428.1000,4207
2025-01-06 08:50:00,427.8600,428.1500,427.8300,428.1500,7871
2025-01-06 08:45:00,427.7900,428.1664,427.7000,428.0400,5374
2025-01-06 08:40:00,427.6200,427.8000,423.3500,427.7000,294442
2025-01-06 08:35:00,423.3500,427.9000,423.3500,427.6000,14148
2025-01-06 08:30:00,427.7700,427.9700,427.4000,427.5100,6178
2025-01-06 08:25:00,428.0100,428.2400,427.7200,427.7200,6332
2025-01-06 08:20:00,428.0700,428.1800,427.9000,428.1800,10602
2025-01-06 08:15:00,428.2000,428.4500,428.0000,428.0650,9081
2025-01-06 08:10:00,428.1700,428.4500,428.0000,428.1900,9426
2025-01-06 08:05:00,428.0000,428.2900,427.9000,428.1600,4043
2025-01-06 08:00:00,425.0887,429.2731,425.0000,428.0000,50538
2025-01-06 07:55:00,427.5400,427.6500,427.5000,427.5100,3418
2025-01-06 07:50:00,427.6400,427.8500,427.5000,427.5000,3551
2025-01-06 07:45:00,427.4100,427.8500,427.3900,427.6400,3958
2025-01-06 07:40:00,427.2800,427.4500,427.1100,427.4100,3175
2025-01-06 07:35:00,426.9300,427.3200,426.8200,427.3200,2742
2025-01-06 07:30:00,427.0400,427.1400,426.8700,426.9000,2342
2025-01-06 07:25:00,427.2800,427.5000,426.8200,427.0300,3318
2025-01-06 07:20:00,426.9800,427.5000,426.8300,427.2300,2301
2025-01-06 07:15:00,427.5700,427.6600,426.7500,426.9900,3880
2025-01-06 07:10:00,427.0000,427.7500,426.9200,427.5200,4860
2025-01-06 07:05:00,427.2900,427.5500,426.8900,426.9300,4697
2025-01-06 07:00:00,427.6900,427.7500,426.8000,427.3100,12517
2025-01-06 06:55:00,427.7000,427.7500,427.6500,427.7500,2213
2025-01-06 06:50:00,427.6700,427.7300,427.5900,427.6000,2175
2025-01-06 06:45:00,427.6800,427.7500,427.6100,427.7000,2155
2025-01-06 06:40:00,427.7500,427.7500,427.6300,427.6800,1514
2025-01-06 06:35:00,427.6800,427.8000,427.5100,427.7500,4390
2025-01-06 06:30:00,427.5800,427.8000,427.5000,427.5000,4651
2025-01-06 06:25:00,427.4500,427.7500,427.4100,427.6300,1390
2025-01-06 06:20:00,427.1500,427.4700,427.0200,427.4700,1587
2025-01-06 06:15:00,427.7500,427.7500,427.0700,427.1700,9187
2025-01-06 06:10:00,427.7400,428.0000,427.6700,427.7400,6875
2025-01-06 06:05:00,427.5100,427.8600,427.3500,427.8100,1588
2025-01-06 06:00:00,427.8600,427.9300,427.2300,427.4400,2604
2025-01-06 05:55:00,427.8400,427.9300,427.8200,427.8200,1199
2025-01-06 05:50:00,428.1000,428.2000,427.8300,427.8300,1629
2025-01-06 05:45:00,428.2200,428.2300,428.0000,428.1900,1486
2025-01-06 05:40:00,428.6100,428.6100,428.0400,428.2200,2233
2025-01-06 05:35:00,428.3700,428.7400,428.3300,428.6700,724
2025-01-06 05:30:00,428.7900,428.7900,428.2800,428.4000,2332
2025-01-06 05:25:00,429.1900,429.1900,428.6200,428.8900,7193
2025-01-06 05:20:00,429.1800,429.3200,429.1100,429.1700,1910
2025-01-06 05:15:00,428.6800,429.1800,428.3100,429.1200,1297
2025-01-06 05:10:00,428.8300,429.0400,428.7100,428.7200,2065
2025-01-06 05:05:00,428.0700,428.8800,428.0500,428.7800,2253
2025-01-06 05:00:00,428.3600,428.3600,427.9300,427.9500,1772
2025-01-06 04:55:00,427.6700,428.3900,427.5800,428.3900,3497
2025-01-06 04:50:00,427.7000,427.8700,427.5000,427.7500,4297
2025-01-06 04:45:00,427.0200,427.9400,427.0000,427.7000,4211
2025-01-06 04:40:00,426.7900,427.0500,426.5600,427.0100,1841
2025-01-06 04:35:00,426.5000,426.8500,426.5000,426.5600,2123
2025-01-06 04:30:00,426.3700,426.6000,426.2900,426.5500,1289
2025-01-06 04:25:00,426.8000,426.8000,426.2100,426.4800,2911
2025-01-06 04:20:00,426.3900,427.1600,426.2200,426.7600,4448
2025-01-06 04:15:00,426.1500,426.4600,426.0500,426.2400,1300
2025-01-06 04:10:00,426.5200,426.6500,426.1500,426.1500,2132
2025-01-06 04:05:00,426.4000,426.6000,426.2000,426.4900,2301
2025-01-06 04:00:00,427.1500,427.1800,425.3400,426.4400,4471
2025-01-03 19:55:00,424.4550,424.6000,424.4200,424.5000,2589
2025-01-03 19:50:00,424.3700,424.5000,424.2600,424.4200,373
2025-01-03 19:45:00,424.4900,424.5000,424.0200,424.3700,358
2025-01-03 19:40:00,424.5000,424.5000,424.0200,424.3500,416
2025-01-03 19:35:00,424.3750,424.5000,424.3100,424.4050,525
2025-01-03 19:30:00,424.1950,424.3750,424.0200,424.3750,292
2025-01-03 19:25:00,424.3100,424.3691,424.0200,424.1950,506
2025-01-03 19:20:00,424.2600,424.5000,424.0200,424.3000,471
2025-01-03 19:15:00,424.4900,424.5000,424.0440,424.3000,383
2025-01-03 19:10:00,424.6100,424.6300,424.0100,424.3800,555
2025-01-03 19:05:00,424.6100,424.7200,424.5000,424.6288,411
2025-01-03 19:00:00,424.5100,424.7200,424.5000,424.6100,365
2025-01-03 18:55:00,424.1100,424.7200,424.0000,424.5400,3541
2025-01-03 18:50:00,424.1200,424.1900,423.3500,424.1100,4599
2025-01-03 18:45:00,424.1500,424.2000,424.1000,424.1450,237
2025-01-03 18:40:00,424.0600,424.2000,424.0000,424.1000,901
2025-01-03 18:35:00,424.0600,424.2200,424.0000,424.1000,155
2025-01-03 18:30:00,424.0000,424.2200,424.0000,424.0600,674
2025-01-03 18:25:00,424.1200,424.2400,424.0000,424.0000,729
2025-01-03 18:20:00,424.4000,424.4000,424.1200,424.1200,2541
2025-01-03 18:15:00,424.2500,424.4792,424.1000,424.3900,2128
2025-01-03 18:10:00,424.0000,424.2800,424.0000,424.2500,1038
2025-01-03 18:05:00,423.5000,424.2000,423.5000,424.1000,6759
2025-01-03 18:00:00,423.7020,423.7500,423.2600,423.5400,533
2025-01-03 17:55:00,423.7500,423.7500,423.2500,423.4750,390
2025-01-03 17:50:00,423.7400,423.8750,423.2500,423.6700,1486
2025-01-03 17:45:00,423.7100,423.7400,423.1500,423.6000,172
2025-01-03 17:40:00,423.3102,423.7100,423.3102,423.5100,520
2025-01-03 17:35:00,423.4300,423.7100,423.1500,423.4800,194
2025-01-03 17:30:00,423.4200,423.7300,423.2500,423.4400,225
2025-01-03 17:25:00,423.4600,423.7300,423.1500,423.4200,297
2025-01-03 17:20:00,423.2550,423.7300,423.1500,423.4947,709648
2025-01-03 17:15:00,423.2500,423.3500,423.1500,423.2600,203
2025-01-03 17:10:00,423.2500,423.3500,423.1500,423.1500,159
2025-01-03 17:05:00,423.0800,423.3500,423.0100,423.3500,18693
2025-01-03 17:00:00,423.1300,423.2500,401.9548,423.1496,1314
2025-01-03 16:55:00,423.2700,434.6167,400.9078,423.2500,1248
2025-01-03 16:50:00,423.2000,423.3500,397.7147,423.2050,1863
2025-01-03 16:45:00,423.2700,423.3500,423.1500,423.1900,7615
2025-01-03 16:40:00,423.2550,423.5200,423.1500,423.2550,2570
2025-01-03 16:35:00,423.3300,423.5000,423.1500,423.2500,3448
2025-01-03 16:30:00,423.2200,423.3900,422.8100,423.1518,1825
2025-01-03 16:25:00,423.2000,423.4900,423.0200,423.2300,4080
2025-01-03 16:20:00,423.3500,423.3500,423.0000,423.2250,3094
2025-01-03 16:15:00,423.3500,423.3700,423.2500,423.3200,6016
2025-01-03 16:10:00,423.3500,423.5000,423.2500,423.3000,220259
2025-01-03 16:05:00,423.2800,423.5000,423.2500,423.4000,53590
2025-01-03 16:00:00,423.3500,423.9400,422.9000,423.2800,6361437
2025-01-03 15:55:00,422.4900,423.8800,422.4900,423.3700,1014699
2025-01-03 15:50:00,421.8300,422.9400,421.6000,422.4400,341561
2025-01-03 15:45:00,422.0000,422.1700,421.7300,421.9000,154391
2025-01-03 15:40:00,422.3250,422.3400,421.9600,422.0160,163206
2025-01-03 15:35:00,422.4500,422.6400,422.3100,422.3200,131943
2025-01-03 15:30:00,422.6200,422.6799,422.2800,422.4600,139966
2025-01-03 15:25:00,422.6400,422.7200,422.4450,422.6600,117595
2025-01-03 15:20:00,422.9100,422.9200,422.6200,422.6600,86905
2025-01-03 15:15:00,422.9724,423.0113,422.8600,422.9050,73677
2025-01-03 15:10:00,422.9150,423.0100,422.6100,422.9831,99153
2025-01-03 15:05:00,422.7581,423.1800,422.7500,422.9150,109001
2025-01-03 15:00:00,423.2100,423.2100,422.7300,422.7650,62305
2025-01-03 14:55:00,423.3100,423.4000,423.1400,423.2500,87456
2025-01-03 14:50:00,423.6600,423.6600,423.0900,423.3600,104068
2025-01-03 14:45:00,423.5200,423.7000,423.2400,423.6800,82157
2025-01-03 14:40:00,424.0200,424.0300,423.3600,423.5500,109455
2025-01-03 14:35:00,423.6000,424.0200,423.4600,424.0050,129934
2025-01-03 14:30:00,423.6000,423.6800,423.4700,423.6000,66041
2025-01-03 14:25:00,423.3150,423.5644,423.2500,423.5100,79937
2025-01-03 14:20:00,423.8200,423.8600,423.2700,423.3150,79604
2025-01-03 14:15:00,423.5900,423.8500,423.4701,423.8200,79453
2025-01-03 14:10:00,423.1950,423.7200,423.1000,423.6700,107716
2025-01-03 14:05:00,423.0800,423.3100,422.2809,423.1900,187964
2025-01-03 14:00:00,422.8700,423.3400,422.6500,423.0367,76186
2025-01-03 13:55:00,423.3699,423.5199,422.5518,422.9550,105897
2025-01-03 13:50:00,423.4550,423.4800,423.0900,423.3000,74889
2025-01-03 13:45:00,423.6200,423.7640,423.4200,423.4600,262463
2025-01-03 13:40:00,423.2400,423.8800,423.0901,423.5900,282529
2025-01-03 13:35:00,422.6200,423.2500,422.5634,423.2400,568686
2025-01-03 13:30:00,422.6800,423.0600,422.5300,422.5750,114195
2025-01-03 13:25:00,422.0950,422.6800,422.0950,422.6550,73866
2025-01-03 13:20:00,422.0700,422.2650,421.9400,422.0950,572678
2025-01-03 13:15:00,422.0150,422.1500,421.9700,422.0700,73995
2025-01-03 13:10:00,422.0800,422.1999,421.9288,422.0300,62927
2025-01-03 13:05:00,421.7550,422.2600,421.7200,422.0400,82818
2025-01-03 13:00:00,422.0150,422.0599,421.5000,421.7174,71778
2025-01-03 12:55:00,421.9350,422.2500,421.8301,421.9846,106446
2025-01-03 12:50:00,421.2800,422.0900,421.2500,421.9143,92440
2025-01-03 12:45:00,421.3150,421.4600,421.1401,421.2900,86448
2025-01-03 12:40:00,421.3000,421.4300,421.1800,421.2600,68632
2025-01-03 12:35:00,421.4150,421.4300,421.1900,421.3000,57360
2025-01-03 12:30:00,421.1100,421.4614,420.9400,421.4300,77237
2025-01-03 12:25:00,421.5000,421.6700,421.0700,421.0700,55024
2025-01-03 12:20:00,421.4700,421.6800,421.3808,421.5300,84621
2025-01-03 12:15:00,421.3700,422.0000,421.3520,421.4300,89568
2025-01-03 12:10:00,421.6900,422.0210,421.3401,421.3401,78921
2025-01-03 12:05:00,421.8350,422.0980,421.6200,421.7100,103697
2025-01-03 12:00:00,421.5800,421.9000,421.4500,421.8460,59812
2025-01-03 11:55:00,422.0850,422.2400,421.5000,421.5400,69349
2025-01-03 11:50:00,422.0750,422.4900,422.0000,422.0100,105107
2025-01-03 11:45:00,422.4120,422.6100,422.0300,422.0900,91347
2025-01-03 11:40:00,422.2100,422.6550,422.2100,422.4734,138793
2025-01-03 11:35:00,422.0000,422.3000,421.5900,422.2300,181744
2025-01-03 11:30:00,421.3600,422.0100,421.3100,421.9800,133450
2025-01-03 11:25:00,420.7600,421.5700,420.7500,421.4030,131851
2025-01-03 11:20:00,420.1950,420.9600,420.1401,420.7675,112712
2025-01-03 11:15:00,419.7000,420.2400,419.5700,420.2400,120249
2025-01-03 11:10:00,419.8800,420.0900,419.5400,419.7450,132137
2025-01-03 11:05:00,421.1900,421.1900,419.8200,419.8900,182619
2025-01-03 11:00:00,421.3300,421.3900,420.7700,421.1300,201622
2025-01-03 10:55:00,421.0475,421.4300,420.8300,421.3300,113239
2025-01-03 10:50:00,421.3700,421.4200,420.7700,421.0450,70090
2025-01-03 10:45:00,421.8200,422.0413,421.3000,421.3200,72724
2025-01-03 10:40:00,421.1900,422.0900,421.1400,421.8650,111446
2025-01-03 10:35:00,421.3550,421.9106,420.9200,421.0760,126505
2025-01-03 10:30:00,420.9200,421.4800,420.3200,421.4300,166009
2025-01-03 10:25:00,421.2900,421.5000,420.8760,420.9200,128431
2025-01-03 10:20:00,421.0901,421.4900,420.1500,421.2900,153770
2025-01-03 10:15:00,421.7500,422.0000,420.9100,421.1800,138642
2025-01-03 10:10:00,422.6700,422.6800,421.3700,421.6700,191607
2025-01-03 10:05:00,423.5900,423.7600,422.5200,422.5300,174041
2025-01-03 10:00:00,422.4900,423.6500,421.6801,423.5200,231083
2025-01-03 09:55:00,421.4200,422.4600,421.0500,422.4200,125475
2025-01-03 09:50:00,421.6800,422.0000,420.7400,421.3628,213401
2025-01-03 09:45:00,421.8650,422.8199,421.1689,421.5900,247776
2025-01-03 09:40:00,422.6000,422.8100,421.6900,421.8650,224637
2025-01-03 09:35:00,421.6300,422.7700,421.1000,422.6000,244827
2025-01-03 09:30:00,421.0800,422.5600,420.5200,421.7000,576342
2025-01-03 09:25:00,420.8300,422.0300,420.7100,421.7700,19746
2025-01-03 09:20:00,420.3100,425.3100,415.3100,420.7300,7172
2025-01-03 09:15:00,419.9700,420.4000,419.8000,420.2900,5656
2025-01-03 09:10:00,419.8700,420.1600,419.7600,419.9300,3181
2025-01-03 09:05:00,419.6000,419.9900,419.4200,419.8400,1366
2025-01-03 09:00:00,419.8200,419.9900,419.4600,419.4900,4856
2025-01-03 08:55:00,419.8800,420.0000,418.5800,419.8300,16204
2025-01-03 08:50:00,420.0600,420.1500,419.7500,419.9250,2259
2025-01-03 08:45:00,420.0550,420.2100,419.7500,420.0600,1511
2025-01-03 08:40:00,419.9500,420.2100,419.8800,420.0700,1761
2025-01-03 08:35:00,420.1050,420.3000,419.8400,419.9550,4456
2025-01-03 08:30:00,420.0000,420.2100,418.5800,420.1050,7832
2025-01-03 08:25:00,419.8600,451.0100,419.7500,419.7500,5250
2025-01-03 08:20:00,419.7950,420.0900,419.6000,419.8500,11093
2025-01-03 08:15:00,420.1400,420.5200,419.6900,419.8000,2526
2025-01-03 08:10:00,420.5900,420.6900,420.1500,420.1500,1135
2025-01-03 08:05:00,420.5600,420.8000,420.3900,420.5600,1789
2025-01-03 08:00:00,420.0445,421.7800,418.5800,420.5900,14450
2025-01-03 07:55:00,420.2600,420.3100,419.9200,420.0000,2474
2025-01-03 07:50:00,420.2000,420.3800,420.0300,420.0700,1333
2025-01-03 07:45:00,419.9900,420.2700,419.9200,420.0500,863
2025-01-03 07:40:00,419.9800,420.2000,419.9000,419.9700,1492
2025-01-03 07:35:00,419.8100,420.0400,419.7900,419.9800,632
2025-01-03 07:30:00,419.8400,420.0000,419.8300,419.8300,2396
2025-01-03 07:25:00,419.6100,419.8100,419.6100,419.8100,3338
2025-01-03 07:20:00,419.4300,419.7200,419.4000,419.6100,671
2025-01-03 07:15:00,419.9700,420.0000,419.4100,419.4300,1968
2025-01-03 07:10:00,419.7700,420.0100,419.7400,420.0100,1834
2025-01-03 07:05:00,420.0600,420.0600,419.5500,419.8000,4335
2025-01-03 07:00:00,420.6500,420.6700,420.0300,420.1000,2957
2025-01-03 06:55:00,420.5600,420.6800,420.5000,420.6600,781
2025-01-03 06:50:00,420.5000,420.5600,420.4000,420.5600,627
2025-01-03 06:45:00,420.6100,420.6400,420.5000,420.5800,107
2025-01-03 06:40:00,420.5300,420.6600,420.5100,420.6000,278
2025-01-03 06:35:00,420.6900,420.7000,420.5300,420.5300,205
2025-01-03 06:30:00,420.6700,420.6900,420.5200,420.6000,249
2025-01-03 06:25:00,420.5300,420.7800,420.5300,420.7000,454
2025-01-03 06:20:00,420.6900,420.6900,420.5300,420.6900,197
2025-01-03 06:15:00,420.5600,420.7000,420.5300,420.6900,507
2025-01-03 06:10:00,420.5100,420.6800,420.4500,420.6000,1446
2025-01-03 06:05:00,420.7400,420.8200,420.5100,420.5100,1120
2025-01-03 06:00:00,420.8800,420.8800,420.5900,420.8200,2116
2025-01-03 05:55:00,420.6300,420.9000,420.6200,420.8800,345
2025-01-03 05:50:00,420.8600,420.8800,420.5800,420.5800,3704
2025-01-03 05:45:00,420.8000,420.8700,420.7500,420.8600,886
2025-01-03 05:40:00,420.9000,420.9000,420.8700,420.8800,93
2025-01-03 05:35:00,420.9000,420.9300,420.6900,420.9100,345
2025-01-03 05:30:00,420.8600,421.0000,420.7700,420.9300,407
2025-01-03 05:25:00,420.8800,421.0400,420.7300,420.8700,391
2025-01-03 05:20:00,421.1300,421.1700,420.7700,420.8900,998
2025-01-03 05:15:00,421.2000,421.2200,420.9100,421.1200,1626
2025-01-03 05:10:00,421.2700,421.4000,421.0500,421.1500,838
2025-01-03 05:05:00,421.1400,421.2700,421.0000,421.2300,818
2025-01-03 05:00:00,421.4100,421.4100,420.9700,421.1500,2887
2025-01-03 04:55:00,421.4100,421.4800,421.3100,421.4400,300
2025-01-03 04:50:00,421.3300,421.3900,421.3000,421.3700,246
2025-01-03 04:45:00,421.5000,421.5000,421.3400,421.4000,183
2025-01-03 04:40:00,421.4200,421.5100,421.3600,421.5000,553
2025-01-03 04:35:00,421.3800,421.5600,421.3100,421.3800,441
2025-01-03 04:30:00,421.5100,421.6300,421.3500,421.3800,1272
2025-01-03 04:25:00,421.6900,421.8000,421.4700,421.4700,1651
2025-01-03 04:20:00,421.2900,421.7400,421.2500,421.6900,384
2025-01-03 04:15:00,421.2100,421.4800,421.1600,421.2000,724
2025-01-03 04:10:00,420.6600,421.2500,420.6600,421.2400,3282
2025-01-03 04:05:00,420.4800,420.8400,420.4600,420.6900,1171
2025-01-03 04:00:00,420.8000,420.9500,420.0400,420.6800,2253
2025-01-02 19:55:00,419.9050,420.0000,419.8100,419.8100,762
2025-01-02 19:50:00,420.2250,420.4500,419.8000,419.9050,1960
2025-01-02 19:45:00,419.9500,420.4500,419.8000,420.1200,1409
2025-01-02 19:40:00,419.6500,420.0000,419.5500,419.9400,1777
2025-01-02 19:35:00,419.5000,419.7000,419.2600,419.6000,475
2025-01-02 19:30:00,419.5000,419.7999,419.1800,419.4700,679
2025-01-02 19:25:00,419.4900,420.0000,419.2600,419.8000,4728
2025-01-02 19:20:00,419.5800,419.6800,418.9900,419.4900,1560
2025-01-02 19:15:00,419.1950,419.8800,419.1700,419.5600,2223
2025-01-02 19:10:00,418.9900,419.3500,418.2800,419.1900,16344
2025-01-02 19:05:00,418.4200,418.9900,418.2900,418.6350,5123
2025-01-02 19:00:00,418.3650,418.4300,418.3000,418.4196,256
2025-01-02 18:55:00,418.2494,418.4300,418.0300,418.3100,1027
2025-01-02 18:50:00,418.3400,418.3400,418.2000,418.2500,714
2025-01-02 18:45:00,418.2200,418.4300,418.2000,418.3000,1119
2025-01-02 18:40:00,418.3150,418.4300,418.2000,418.3100,1795
2025-01-02 18:35:00,418.5000,418.6500,418.2000,418.4300,1729
2025-01-02 18:30:00,418.3050,418.6500,418.2000,418.3500,420
2025-01-02 18:25:00,418.5400,418.5800,418.1000,418.3000,2972
2025-01-02 18:20:00,418.5400,418.6900,418.5000,418.5000,700
2025-01-02 18:15:00,418.5400,418.5950,418.5000,418.5950,364
2025-01-02 18:10:00,418.4800,418.5800,418.3000,418.5400,1368
2025-01-02 18:05:00,418.6800,418.7700,418.1000,418.5000,773
2025-01-02 18:00:00,418.7500,418.7800,418.5800,418.5800,3896
2025-01-02 17:55:00,418.7150,418.7800,418.6100,418.7000,642
2025-01-02 17:50:00,418.7250,418.8400,418.6100,418.7800,514
2025-01-02 17:45:00,418.7200,418.8400,418.6100,418.6200,431
2025-01-02 17:40:00,418.7000,427.2630,400.5009,418.8700,672
2025-01-02 17:35:00,418.9200,426.3430,394.5207,394.5207,1160
2025-01-02 17:30:00,418.6100,437.0155,394.5207,418.7000,950
2025-01-02 17:25:00,418.9300,440.3800,394.5207,418.9300,702
2025-01-02 17:20:00,418.6100,431.9874,397.4695,418.7700,1834
2025-01-02 17:15:00,418.9400,418.9400,418.7050,418.8000,1048
2025-01-02 17:10:00,418.6900,418.9400,418.6100,418.9100,542
2025-01-02 17:05:00,418.7200,418.9400,418.6200,418.7750,628
2025-01-02 17:00:00,418.7400,418.7800,418.6800,418.7000,472
2025-01-02 16:55:00,418.7500,418.9400,418.7000,418.7800,1185
2025-01-02 16:50:00,418.8000,418.9600,418.5800,418.8500,2372
2025-01-02 16:45:00,418.8500,418.9600,418.7500,418.7500,590
2025-01-02 16:40:00,418.9000,419.0000,418.8000,418.8300,1787
2025-01-02 16:35:00,418.9200,419.0000,418.5800,418.8800,300543
2025-01-02 16:30:00,418.8500,419.2000,418.6200,418.8950,2029
2025-01-02 16:25:00,419.0000,419.2000,418.6100,418.9050,2439
2025-01-02 16:20:00,419.1800,419.2000,418.5800,418.9050,22803
2025-01-02 16:15:00,418.5800,419.2200,418.5800,419.2000,2740
2025-01-02 16:10:00,418.9050,435.2400,418.2732,418.6043,855312
2025-01-02 16:05:00,419.1800,419.2200,418.3502,418.8100,29148
2025-01-02 16:00:00,418.6800,419.2600,418.2500,419.1800,5334540
2025-01-02 15:55:00,418.5100,418.8700,418.0100,418.6900,726761
2025-01-02 15:50:00,418.5800,418.9500,418.0200,418.5600,374714
2025-01-02 15:45:00,418.2850,418.8900,418.2300,418.5100,175500
2025-01-02 15:40:00,418.1700,418.6433,418.1300,418.2650,149938
2025-01-02 15:35:00,418.3400,418.3700,417.8700,418.2100,116592
2025-01-02 15:30:00,418.2500,418.8900,417.9601,418.3400,161541
2025-01-02 15:25:00,418.1300,418.3300,417.9850,418.1600,91384
2025-01-02 15:20:00,418.0700,418.5300,417.9000,418.1210,144265
2025-01-02 15:15:00,418.0500,418.1200,417.5600,418.0600,114688
2025-01-02 15:10:00,417.6500,418.4800,417.5737,418.1200,127604
2025-01-02 15:05:00,417.6600,417.9100,417.3900,417.7376,96229
2025-01-02 15:00:00,416.4300,417.8100,416.4300,417.6800,80051
2025-01-02 14:55:00,417.5500,417.5500,416.3100,416.3700,90523
2025-01-02 14:50:00,417.5100,417.9400,417.1800,417.6175,89172
2025-01-02 14:45:00,417.1100,417.9496,416.6900,417.4417,126145
2025-01-02 14:40:00,416.8200,417.3500,416.7800,417.0290,74167
2025-01-02 14:35:00,416.9250,417.1500,416.5000,416.8300,74869
2025-01-02 14:30:00,416.9600,417.2800,416.5600,416.9234,100181
2025-01-02 14:25:00,417.0300,417.3200,416.8000,417.0700,79906
2025-01-02 14:20:00,416.5100,417.1000,416.3400,417.0774,115565
2025-01-02 14:15:00,416.0000,416.7000,416.0000,416.5500,106574
2025-01-02 14:10:00,416.1200,416.5900,415.9000,416.0350,96595
2025-01-02 14:05:00,416.2100,417.1000,415.8311,416.2000,169108
2025-01-02 14:00:00,415.7400,416.3000,415.3400,416.1750,122591
2025-01-02 13:55:00,415.2100,415.8200,414.9600,415.6700,119224
2025-01-02 13:50:00,415.7115,415.8591,415.0300,415.2297,125027
2025-01-02 13:45:00,416.6200,416.7036,415.6000,415.6900,86037
2025-01-02 13:40:00,415.9000,416.8200,415.6600,416.7100,108158
2025-01-02 13:35:00,415.2950,416.4500,415.2400,415.9500,123189
2025-01-02 13:30:00,416.2000,416.2200,415.2300,415.2500,155587
2025-01-02 13:25:00,415.7100,416.2600,415.4500,416.2300,110681
2025-01-02 13:20:00,415.6800,416.2300,415.2200,415.6440,107804
2025-01-02 13:15:00,415.5400,415.6700,414.9150,415.6150,103983
2025-01-02 13:10:00,416.2300,416.3699,415.3500,415.4300,129226
2025-01-02 13:05:00,415.0250,416.5900,414.9000,416.2200,146494
2025-01-02 13:00:00,416.0000,416.0000,414.9200,414.9480,171499
2025-01-02 12:55:00,415.8400,416.4500,415.5750,416.1200,119441
2025-01-02 12:50:00,415.1100,416.1900,414.8500,415.7200,198334
2025-01-02 12:45:00,415.9400,416.0600,415.1950,415.1950,153600
2025-01-02 12:40:00,416.3015,416.7608,415.4600,415.9499,198712
2025-01-02 12:35:00,417.3925,417.4300,416.1100,416.3001,206899
2025-01-02 12:30:00,418.2500,418.3188,417.1500,417.3600,213046
2025-01-02 12:25:00,419.7200,419.7200,418.0600,418.3400,249374
2025-01-02 12:20:00,420.7000,420.7000,419.5900,419.7300,338776
2025-01-02 12:15:00,421.3600,421.3600,420.5000,420.6400,112202
2025-01-02 12:10:00,420.9500,421.7399,420.8900,421.4300,81967
2025-01-02 12:05:00,421.9200,421.9200,420.7300,420.9000,112670
2025-01-02 12:00:00,421.6203,421.9600,421.3000,421.9200,77497
2025-01-02 11:55:00,421.6150,421.9000,421.5100,421.6100,92352
2025-01-02 11:50:00,422.0812,422.3600,421.3300,421.6700,114706
2025-01-02 11:45:00,421.3900,422.1100,421.3400,422.0850,135866
2025-01-02 11:40:00,421.6200,422.0800,421.3100,421.3100,76519
2025-01-02 11:35:00,421.5600,422.0800,421.1950,421.5652,135954
2025-01-02 11:30:00,421.4900,421.7300,421.0950,421.5400,85227
2025-01-02 11:25:00,421.7000,421.8900,421.2400,421.4800,79838
2025-01-02 11:20:00,421.5800,421.9300,420.7600,421.7100,96242
2025-01-02 11:15:00,421.3550,421.5000,420.9567,421.5000,76116
2025-01-02 11:10:00,420.7100,421.5700,420.3000,421.3040,99608
2025-01-02 11:05:00,420.8250,421.2200,420.4500,420.6600,131803
2025-01-02 11:00:00,421.9000,421.9600,420.3600,420.8800,136444
2025-01-02 10:55:00,422.7300,422.7800,421.5400,421.7300,93016
2025-01-02 10:50:00,422.1850,423.1100,421.6600,422.6732,142516
2025-01-02 10:45:00,421.1750,422.3800,421.0300,422.2200,142946
2025-01-02 10:40:00,421.4500,421.7900,420.5000,421.2600,167697
2025-01-02 10:35:00,422.0000,422.5200,421.2600,421.4600,175677
2025-01-02 10:30:00,423.1200,423.3650,421.8617,422.0100,197250
2025-01-02 10:25:00,422.7375,423.2699,422.2500,423.1900,192548
2025-01-02 10:20:00,424.7100,424.7600,422.3341,422.6400,219703
2025-01-02 10:15:00,425.5200,425.6400,424.5451,424.6600,189970
2025-01-02 10:10:00,425.2100,425.9300,424.8544,425.5200,186435
2025-01-02 10:05:00,425.3150,425.5599,425.0900,425.3025,176833
2025-01-02 10:00:00,425.5000,425.5600,424.7400,425.3000,206925
2025-01-02 09:55:00,424.6600,425.5000,424.6600,425.4000,189735
2025-01-02 09:50:00,424.2000,424.7890,423.8961,424.7890,165048
2025-01-02 09:45:00,423.1900,424.0000,422.9500,424.0000,260250
2025-01-02 09:40:00,423.2800,423.8050,422.7000,423.1200,242532
2025-01-02 09:35:00,423.8200,424.7900,423.2000,423.2600,268815
2025-01-02 09:30:00,425.5300,426.0700,423.6000,423.7200,696187
2025-01-02 09:25:00,426.0500,426.3000,425.0200,425.7100,7862
2025-01-02 09:20:00,425.9900,427.0000,425.7599,426.3000,4988
2025-01-02 09:15:00,426.0200,427.3000,425.7400,426.0000,12253
2025-01-02 09:10:00,425.8300,426.4000,425.7300,425.9800,5676
2025-01-02 09:05:00,425.5600,426.0300,425.4800,425.8300,4240
2025-01-02 09:00:00,425.8500,426.0000,425.2200,425.7100,6538
2025-01-02 08:55:00,425.8857,426.0000,425.7000,425.9000,1594
2025-01-02 08:50:00,426.2000,426.4000,425.6000,425.9000,2118
2025-01-02 08:45:00,426.5100,426.5100,426.0100,426.2000,1460
2025-01-02 08:40:00,426.3500,426.7000,426.0000,426.6816,7956
2025-01-02 08:35:00,426.6000,426.7000,426.0300,426.3000,5543
2025-01-02 08:30:00,425.6950,426.7000,425.4600,426.5700,11840
2025-01-02 08:25:00,426.0600,426.0900,425.4529,425.8500,3672
2025-01-02 08:20:00,426.2500,426.2800,421.5000,426.2800,4243
2025-01-02 08:15:00,426.4900,426.7000,425.9850,426.1100,6027
2025-01-02 08:10:00,426.5200,426.6900,426.4001,426.4800,2875
2025-01-02 08:05:00,426.5500,426.7000,421.4995,426.5000,2115
2025-01-02 08:00:00,424.5270,439.5700,421.5000,421.5000,34521
2025-01-02 07:55:00,426.2800,426.6400,426.2800,426.4000,903
2025-01-02 07:50:00,427.0000,427.1800,426.0300,426.3400,2001
2025-01-02 07:45:00,426.7100,427.4800,426.6200,427.0100,5170
2025-01-02 07:40:00,427.2000,427.3700,426.6500,426.7500,2312
2025-01-02 07:35:00,427.3200,427.4800,427.2000,427.2200,1284
2025-01-02 07:30:00,427.7000,427.7200,427.2400,427.2400,6191
2025-01-02 07:25:00,427.7500,427.7900,427.6100,427.6500,4399
2025-01-02 07:20:00,427.4500,427.7600,427.3100,427.6200,3505
2025-01-02 07:15:00,427.5000,427.7900,427.2600,427.4000,3296
2025-01-02 07:10:00,427.7700,427.8400,427.4200,427.5500,3302
2025-01-02 07:05:00,427.5800,427.9800,427.4200,427.7400,3750
2025-01-02 07:00:00,427.9400,428.2500,427.1300,427.5900,8493
2025-01-02 06:55:00,426.6500,428.3000,426.5600,428.1400,8452
2025-01-02 06:50:00,427.1300,427.1400,426.4600,426.7000,3276
2025-01-02 06:45:00,427.2000,427.3900,427.0000,427.1500,3473
2025-01-02 06:40:00,426.2600,427.2200,426.2200,427.2200,2924
2025-01-02 06:35:00,425.9500,426.2200,425.8600,426.2000,801
2025-01-02 06:30:00,425.9000,426.0400,425.6000,426.0000,1910
2025-01-02 06:25:00,426.0900,426.0900,425.8700,425.9700,249
2025-01-02 06:20:00,426.3200,426.3600,425.8600,426.0800,1464
2025-01-02 06:15:00,425.8600,426.5800,425.8200,426.3200,2899
2025-01-02 06:10:00,425.5200,425.9000,425.4900,425.8600,680
2025-01-02 06:05:00,425.4600,425.5500,425.3600,425.5500,116
2025-01-02 06:00:00,425.5000,425.5100,425.2600,425.3800,833
2025-01-02 05:55:00,425.2200,425.5000,425.2200,425.5000,414
2025-01-02 05:50:00,425.4500,425.4700,425.0800,425.2500,1037
2025-01-02 05:45:00,425.3800,425.5800,425.3800,425.5800,604
2025-01-02 05:40:00,425.2800,425.3800,425.2500,425.3600,373
2025-01-02 05:35:00,425.2100,425.4700,425.1900,425.3800,1034
2025-01-02 05:30:00,425.1300,425.2500,425.1000,425.1600,676
2025-01-02 05:25:00,425.0000,425.2700,425.0000,425.1700,812
2025-01-02 05:20:00,425.0300,425.1500,425.0000,425.0500,312
2025-01-02 05:15:00,424.8900,425.2200,424.8900,425.0400,250
2025-01-02 05:10:00,425.0200,425.1300,424.7900,424.9400,910
2025-01-02 05:05:00,425.1400,425.1400,424.9800,424.9800,2173
2025-01-02 05:00:00,425.3000,425.3000,425.0000,425.1600,1394
2025-01-02 04:55:00,425.2000,425.2800,425.0100,425.2200,1005
2025-01-02 04:50:00,424.7900,425.7100,424.7900,425.0000,3281
2025-01-02 04:45:00,424.4500,424.7900,424.4500,424.7400,399
2025-01-02 04:40:00,424.2400,424.6500,424.2200,424.6500,386
2025-01-02 04:35:00,424.6700,424.7600,424.2200,424.3500,1629
2025-01-02 04:30:00,424.5600,424.7100,424.5200,424.6500,430
2025-01-02 04:25:00,424.7000,424.7000,424.4800,424.6700,743
2025-01-02 04:20:00,424.8500,424.8900,424.5200,424.6500,939
2025-01-02 04:15:00,424.5400,425.0000,424.5400,424.7000,3013
2025-01-02 04:10:00,424.7100,424.7400,424.5200,424.5800,1873
2025-01-02 04:05:00,424.1000,424.7500,423.9900,424.7000,3717
2025-01-02 04:00:00,424.5000,424.8300,422.4400,424.1200,4573
2024-12-31 19:55:00,421.6000,421.6500,421.5000,421.6300,750
2024-12-31 19:50:00,421.7200,421.7500,421.6000,421.6250,590
2024-12-31 19:45:00,421.6000,421.8400,421.5997,421.7500,1395
2024-12-31 19:40:00,421.6000,421.6000,421.5000,421.5500,342
2024-12-31 19:35:00,421.7100,421.7200,421.5000,421.5500,534
2024-12-31 19:30:00,421.6150,421.7300,421.5000,421.6100,136
2024-12-31 19:25:00,421.7600,421.7600,421.5300,421.5300,53
2024-12-31 19:20:00,421.6300,421.7600,421.5000,421.5300,346
2024-12-31 19:15:00,421.7600,421.7600,421.6300,421.6400,135
2024-12-31 19:10:00,421.7500,421.7600,421.5000,421.6900,689
2024-12-31 19:05:00,421.6500,421.7600,421.5000,421.7600,167
2024-12-31 19:00:00,421.3700,421.6500,421.3000,421.6400,1651
2024-12-31 18:55:00,421.3800,421.4000,421.2600,421.3700,55
2024-12-31 18:50:00,421.3100,421.4000,421.2000,421.3700,533
2024-12-31 18:45:00,421.3250,421.4000,421.2000,421.3000,1089
2024-12-31 18:40:00,421.3300,421.4000,421.3100,421.3250,250
2024-12-31 18:35:00,421.4250,421.4600,421.3000,421.3500,972
2024-12-31 18:30:00,421.4600,421.4800,421.4000,421.4250,168
2024-12-31 18:25:00,421.4500,421.5000,421.4000,421.4400,902
2024-12-31 18:20:00,421.5000,421.5500,421.4000,421.4500,450
2024-12-31 18:15:00,421.5000,421.5500,421.4500,421.5000,133
2024-12-31 18:10:00,421.5000,421.7600,421.4800,421.5000,1004
2024-12-31 18:05:00,421.6300,421.7600,421.5600,421.5600,460
2024-12-31 18:00:00,421.7500,421.7600,421.5000,421.7532,225
2024-12-31 17:55:00,421.5000,421.7535,421.4500,421.7500,126
2024-12-31 17:50:00,421.4000,421.5500,421.4000,421.5000,3089
2024-12-31 17:45:00,421.4400,421.5500,421.4000,421.5500,190
2024-12-31 17:40:00,421.5500,421.5500,421.4000,421.4750,195
2024-12-31 17:35:00,421.4000,421.6100,421.4000,421.5500,281
2024-12-31 17:30:00,421.4000,421.6100,421.4000,421.4000,217
2024-12-31 17:25:00,421.5100,421.6100,421.4000,421.5000,2057
2024-12-31 17:20:00,421.5550,421.6100,421.5000,421.6100,1041
2024-12-31 17:15:00,421.5600,421.6100,421.5200,421.5200,99
2024-12-31 17:10:00,421.5900,421.6100,421.5000,421.5550,162
2024-12-31 17:05:00,421.5550,421.6100,421.5000,421.5550,49320
2024-12-31 17:00:00,421.5500,421.6100,421.5002,421.5800,956
2024-12-31 16:55:00,421.6000,421.6100,403.3159,421.5900,3376
2024-12-31 16:50:00,421.5550,436.1850,403.3159,421.6100,5562
2024-12-31 16:45:00,421.6850,430.7610,403.3925,421.5300,6235
2024-12-31 16:40:00,421.7700,421.8500,420.7909,421.6850,2015
2024-12-31 16:35:00,421.6100,421.8500,421.5500,421.7750,1832
2024-12-31 16:30:00,421.7900,421.8500,421.5000,421.5700,4630
2024-12-31 16:25:00,421.7500,421.8500,421.5800,421.8200,1826
2024-12-31 16:20:00,421.7900,421.9000,421.6100,421.8500,1020
2024-12-31 16:15:00,421.5000,421.9500,421.5000,421.8600,67377
2024-12-31 16:10:00,421.6800,421.9500,421.4500,421.8200,2726
2024-12-31 16:05:00,421.2250,421.9500,421.0100,421.6750,105552
2024-12-31 16:00:00,421.6100,421.9800,421.0200,421.2100,7922160
2024-12-31 15:55:00,421.1600,421.8700,420.6600,421.2910,1623431
2024-12-31 15:50:00,422.5000,422.9300,421.0000,421.2700,509050
2024-12-31 15:45:00,422.5500,423.1900,422.1100,422.9700,147853
2024-12-31 15:40:00,422.3900,422.9299,422.2101,422.5550,110286
2024-12-31 15:35:00,422.8600,423.4000,422.3925,422.4500,106583
2024-12-31 15:30:00,423.1700,423.3000,422.5700,422.8331,163741
2024-12-31 15:25:00,422.4050,423.2000,422.2901,423.2000,99556
2024-12-31 15:20:00,422.2300,422.9000,422.1571,422.4268,90624
2024-12-31 15:15:00,421.7100,422.2800,421.6200,422.2140,104500
2024-12-31 15:10:00,422.4700,422.5200,421.6000,421.7300,93911
2024-12-31 15:05:00,422.5150,422.8600,422.4200,422.5000,69007
2024-12-31 15:00:00,422.7400,422.7450,422.4400,422.5200,47485
2024-12-31 14:55:00,422.5700,422.8100,422.2900,422.8100,104670
2024-12-31 14:50:00,422.3700,423.0012,422.3500,422.4900,169842
2024-12-31 14:45:00,422.4000,422.6000,422.2400,422.4100,55709
2024-12-31 14:40:00,422.6700,422.6800,421.8900,422.4500,55630
2024-12-31 14:35:00,422.0800,422.7600,422.0800,422.6700,70629
2024-12-31 14:30:00,421.9900,422.2300,421.9400,422.1100,55205
2024-12-31 14:25:00,422.0200,422.3500,421.9400,421.9400,55676
2024-12-31 14:20:00,422.2400,422.2700,421.7300,421.9725,62040
2024-12-31 14:15:00,422.7800,422.8400,422.1750,422.2200,39235
2024-12-31 14:10:00,422.7100,422.9600,422.6300,422.8300,56111
2024-12-31 14:05:00,421.9200,422.8139,421.9200,422.7400,71141
2024-12-31 14:00:00,421.9300,422.1600,421.5500,422.0000,70840
2024-12-31 13:55:00,422.1000,422.2157,421.8900,421.9900,77344
2024-12-31 13:50:00,422.4700,422.9200,422.1300,422.1600,64136
2024-12-31 13:45:00,422.1618,422.6000,422.0101,422.4900,55749
2024-12-31 13:40:00,422.3700,422.4780,422.0000,422.1650,56115
2024-12-31 13:35:00,422.2800,422.3500,421.8744,422.3000,56409
2024-12-31 13:30:00,421.9050,422.4400,421.8122,422.2850,72729
2024-12-31 13:25:00,421.8550,422.2700,421.7600,421.9300,89519
2024-12-31 13:20:00,422.2400,422.3400,421.7100,421.8550,99345
2024-12-31 13:15:00,422.6250,422.8400,422.2400,422.2600,61946
2024-12-31 13:10:00,423.0600,423.1599,422.5600,422.6300,54306
2024-12-31 13:05:00,423.4100,423.8000,423.0000,423.1900,81106
2024-12-31 13:00:00,423.5500,423.8600,423.2400,423.4049,77319
2024-12-31 12:55:00,422.6800,423.6834,422.6001,423.6834,101937
2024-12-31 12:50:00,422.1650,422.6400,422.1101,422.5700,81930
2024-12-31 12:45:00,422.0725,422.3800,421.9400,422.1585,80954
2024-12-31 12:40:00,422.1100,422.3000,421.8800,422.0750,93616
2024-12-31 12:35:00,422.3200,422.3400,421.8640,422.1000,95428
2024-12-31 12:30:00,422.3150,422.4800,421.9000,422.3200,112608
2024-12-31 12:25:00,422.6000,422.8800,422.2600,422.3300,63534
2024-12-31 12:20:00,423.0750,423.1900,422.5200,422.5950,65004
2024-12-31 12:15:00,423.1900,423.2300,422.9400,423.0650,72879
2024-12-31 12:10:00,423.3700,423.4050,422.8573,423.1800,53774
2024-12-31 12:05:00,423.1600,423.4400,423.0000,423.3185,66206
2024-12-31 12:00:00,423.1900,423.2700,422.7800,423.1200,61895
2024-12-31 11:55:00,423.2400,423.3800,423.0000,423.1900,70715
2024-12-31 11:50:00,423.8000,423.9500,423.3000,423.3000,55569
2024-12-31 11:45:00,423.2950,423.9399,423.1900,423.8100,91734
2024-12-31 11:40:00,422.9300,423.4000,422.7800,423.3799,60142
2024-12-31 11:35:00,423.2500,423.5800,422.8601,422.8800,60061
2024-12-31 11:30:00,423.3200,423.5100,423.1100,423.2000,68135
2024-12-31 11:25:00,423.4500,423.7199,423.2900,423.4813,44319
2024-12-31 11:20:00,423.2100,423.7100,422.8500,423.4090,111777
2024-12-31 11:15:00,423.7800,423.8600,423.2200,423.2600,59177
2024-12-31 11:10:00,423.8800,423.9800,423.3601,423.8386,48411
2024-12-31 11:05:00,423.8000,424.0149,423.3100,423.8500,58763
2024-12-31 11:00:00,424.8250,424.8688,423.5523,423.7500,92852
2024-12-31 10:55:00,424.8810,425.2000,424.7600,424.7600,56241
2024-12-31 10:50:00,424.1100,424.9800,424.0400,424.8810,61361
2024-12-31 10:45:00,424.3350,424.6800,424.0001,424.1075,90135
2024-12-31 10:40:00,424.9275,425.0900,424.2700,424.3400,72813
2024-12-31 10:35:00,424.3900,425.0000,424.2600,425.0000,63918
2024-12-31 10:30:00,425.1200,425.6050,424.2600,424.3400,92501
2024-12-31 10:25:00,425.4400,425.9000,424.6200,425.2000,125280
2024-12-31 10:20:00,425.5550,425.7850,425.3100,425.4700,71460
2024-12-31 10:15:00,425.3850,425.5819,424.9300,425.4900,76465
2024-12-31 10:10:00,424.8000,425.4535,424.5800,425.3850,97172
2024-12-31 10:05:00,425.6600,426.0650,424.5775,424.8544,105484
2024-12-31 10:00:00,425.6600,426.3700,425.4500,425.7227,123869
2024-12-31 09:55:00,424.7600,425.7200,424.7300,425.6200,78094
2024-12-31 09:50:00,425.7300,425.8752,424.4100,424.8768,91392
2024-12-31 09:45:00,424.6100,425.9400,424.4839,425.8350,167902
2024-12-31 09:40:00,425.8500,425.9300,424.2050,424.6100,168176
2024-12-31 09:35:00,426.4000,426.7300,425.7301,425.7700,163723
2024-12-31 09:30:00,426.1000,426.6500,424.9000,426.5100,355035
2024-12-31 09:25:00,426.5500,427.0000,425.1500,426.2700,6851
2024-12-31 09:20:00,426.2800,426.7500,425.6000,426.7500,3410
2024-12-31 09:15:00,426.3808,426.5000,425.5000,425.5000,802
2024-12-31 09:10:00,426.2500,426.5000,425.6000,426.3900,819
2024-12-31 09:05:00,425.6600,426.5000,425.3500,426.2200,414
2024-12-31 09:00:00,426.0900,426.5000,425.2000,425.6600,4543
2024-12-31 08:55:00,426.3300,426.5000,425.2800,426.2500,1924
2024-12-31 08:50:00,426.1200,426.5000,426.0000,426.3500,1024
2024-12-31 08:45:00,426.1800,426.2500,426.0000,426.1200,1702
2024-12-31 08:40:00,426.1000,426.5000,426.0000,426.1250,965
2024-12-31 08:35:00,426.1300,426.5000,425.7600,426.2600,856
2024-12-31 08:30:00,426.0700,426.5000,425.2800,426.3500,1224
2024-12-31 08:25:00,425.8250,426.3600,425.2700,426.0700,572
2024-12-31 08:20:00,426.0200,426.8000,425.2100,426.0000,443
2024-12-31 08:15:00,425.7650,426.3600,425.2000,426.3600,3169
2024-12-31 08:10:00,425.6800,427.0000,425.1100,425.7600,897
2024-12-31 08:05:00,425.3300,427.1200,424.8300,425.3600,1159
2024-12-31 08:00:00,424.5387,427.7100,423.6700,425.5700,21458
2024-12-31 07:55:00,426.5300,426.9700,425.6900,426.0400,491
2024-12-31 07:50:00,426.0800,426.5000,426.0000,426.4700,1852
2024-12-31 07:45:00,427.0400,427.0600,426.0000,426.0300,3235
2024-12-31 07:40:00,426.7000,427.1300,426.7000,427.1200,590
2024-12-31 07:35:00,426.8800,426.8800,426.5800,426.6300,623
2024-12-31 07:30:00,427.0500,427.0600,426.7100,426.8900,1535
2024-12-31 07:25:00,426.9100,427.0700,426.8200,427.0400,605
2024-12-31 07:20:00,427.3000,427.3900,426.8800,426.8800,2326
2024-12-31 07:15:00,427.1600,427.3900,427.1000,427.3000,427
2024-12-31 07:10:00,427.4100,427.4100,427.1600,427.1600,148
2024-12-31 07:05:00,427.3500,427.5000,427.2200,427.4600,2224
2024-12-31 07:00:00,427.3000,427.4000,427.2000,427.2400,1165
2024-12-31 06:55:00,427.3700,427.3700,427.2600,427.3500,59
2024-12-31 06:50:00,427.3400,427.4000,427.2900,427.3700,236
2024-12-31 06:45:00,427.4500,427.4500,427.2200,427.3800,171
2024-12-31 06:40:00,427.4800,427.4800,427.4200,427.4500,50
2024-12-31 06:35:00,427.4200,427.4900,427.2700,427.4800,438
2024-12-31 06:30:00,427.3000,427.4400,427.2000,427.4300,131
2024-12-31 06:25:00,427.0700,427.3000,427.0700,427.3000,112
2024-12-31 06:20:00,427.0000,427.2900,426.9000,427.1500,608
2024-12-31 06:15:00,427.3500,427.4500,427.0600,427.1000,748
2024-12-31 06:10:00,427.5700,427.5700,427.2700,427.3500,119
2024-12-31 06:05:00,427.5400,427.6900,427.4500,427.4800,269
2024-12-31 06:00:00,427.2300,427.5400,427.2300,427.5100,128
2024-12-31 05:55:00,427.4200,427.5300,427.2400,427.3900,340
2024-12-31 05:50:00,427.4600,427.5500,427.4000,427.4900,205
2024-12-31 05:45:00,427.3300,427.7100,426.9000,427.6500,659
2024-12-31 05:40:00,427.0100,427.3800,427.0100,427.3800,190
2024-12-31 05:35:00,426.8400,427.0000,426.8000,427.0000,219
2024-12-31 05:30:00,426.7800,426.8200,426.7000,426.8100,288
2024-12-31 05:25:00,426.7500,426.8900,426.6200,426.8700,409
2024-12-31 05:20:00,426.6500,426.8900,426.5900,426.7500,260
2024-12-31 05:15:00,426.6100,426.8000,426.5700,426.7900,221
2024-12-31 05:10:00,426.8600,426.9300,426.5600,426.7200,76
2024-12-31 05:05:00,426.8100,426.9700,426.7000,426.9300,132
2024-12-31 05:00:00,426.9800,426.9800,426.5000,426.7200,165
2024-12-31 04:55:00,427.2500,427.3900,426.9000,427.1300,284
2024-12-31 04:50:00,427.2200,427.3900,426.8000,427.3900,414
2024-12-31 04:45:00,426.8200,427.4900,426.8200,427.3000,699
2024-12-31 04:40:00,427.1100,427.1900,426.7800,427.0300,376
2024-12-31 04:35:00,426.9400,427.2000,426.5800,427.2000,286
2024-12-31 04:30:00,427.5500,427.6100,426.7800,426.9800,2094
2024-12-31 04:25:00,427.6100,427.6100,427.0500,427.5400,523
2024-12-31 04:20:00,427.1900,427.7900,426.7000,427.2700,5353
2024-12-31 04:15:00,427.0000,427.3300,426.5600,427.2000,2683
2024-12-31 04:10:00,425.1800,427.0000,425.1800,426.9800,413
2024-12-31 04:05:00,424.9100,425.1700,424.6700,425.1700,449
2024-12-31 04:00:00,424.4300,424.9100,424.0600,424.7300,497
2024-12-30 19:55:00,424.1300,424.2500,424.0500,424.1100,532
2024-12-30 19:50:00,424.2000,424.2500,424.0000,424.1300,579
2024-12-30 19:45:00,424.0000,424.2500,424.0000,424.1000,304
2024-12-30 19:40:00,424.1000,424.2500,424.0000,424.1000,526
2024-12-30 19:35:00,424.1000,424.2500,424.0000,424.0600,226
2024-12-30 19:30:00,424.2500,424.2500,424.0200,424.1350,716
2024-12-30 19:25:00,424.3200,424.3200,424.0200,424.1350,243
2024-12-30 19:20:00,424.4000,424.5000,424.0900,424.3500,205
2024-12-30 19:15:00,424.4250,424.5000,424.3000,424.4000,1394
2024-12-30 19:10:00,424.4900,424.5000,424.3800,424.4250,1250
2024-12-30 19:05:00,424.3200,424.5000,424.2700,424.4000,1622
2024-12-30 19:00:00,424.4000,424.5100,424.0200,424.2700,5058
2024-12-30 18:55:00,424.4000,424.4967,424.3500,424.4500,1022
2024-12-30 18:50:00,424.5700,424.5700,424.3500,424.4500,617
2024-12-30 18:45:00,424.4250,424.7888,424.3750,424.5700,1228
2024-12-30 18:40:00,424.6800,424.8000,424.3537,424.5000,1939
2024-12-30 18:35:00,424.0100,424.5800,424.0100,424.5800,1436
2024-12-30 18:30:00,424.4877,424.6450,424.0100,424.2950,2513
2024-12-30 18:25:00,424.0100,424.5000,424.0100,424.2550,124
2024-12-30 18:20:00,424.0200,424.5000,424.0100,424.4000,1270
2024-12-30 18:15:00,424.2500,424.3800,424.0200,424.1757,607
2024-12-30 18:10:00,424.2800,424.5000,424.1600,424.3000,250
2024-12-30 18:05:00,424.3000,424.5000,424.1500,424.3250,903
2024-12-30 18:00:00,424.3200,424.6000,424.2400,424.3000,721
2024-12-30 17:55:00,424.4000,424.7000,424.2950,424.6000,788
2024-12-30 17:50:00,424.8800,424.8800,424.3250,424.3500,1246
2024-12-30 17:45:00,424.4000,424.8800,424.3000,424.5900,914
2024-12-30 17:40:00,424.8900,424.8900,424.3000,424.3500,995
2024-12-30 17:35:00,424.8100,424.8900,424.2600,424.3000,418
2024-12-30 17:30:00,424.8137,424.8900,424.2600,424.7700,1566
2024-12-30 17:25:00,424.7600,424.9600,424.6000,424.8500,869
2024-12-30 17:20:00,425.0500,425.5000,424.6000,424.9600,635
2024-12-30 17:15:00,425.0650,425.5000,424.6000,424.9000,2539
2024-12-30 17:10:00,425.0950,425.6500,424.8300,424.9650,2465
2024-12-30 17:05:00,425.0100,425.6500,424.6000,425.1000,95464
2024-12-30 17:00:00,424.9900,425.3200,410.6445,424.8500,1576
2024-12-30 16:55:00,424.6800,443.3769,411.8679,424.9900,2123
2024-12-30 16:50:00,424.5100,424.9750,405.2282,424.8400,5717
2024-12-30 16:45:00,424.8600,425.0000,424.6900,425.0000,7557
2024-12-30 16:40:00,424.7900,424.8800,424.7800,424.8800,3022
2024-12-30 16:35:00,424.6900,424.8000,424.5000,424.7900,7646
2024-12-30 16:30:00,424.2500,424.8300,424.2500,424.6800,10732
2024-12-30 16:25:00,424.6400,424.7500,424.2500,424.7500,4759
2024-12-30 16:20:00,424.7600,424.8300,424.2200,424.6500,30709
2024-12-30 16:15:00,424.7100,424.8300,424.2200,424.5000,2181
2024-12-30 16:10:00,424.5200,424.7800,424.3000,424.7800,4571
2024-12-30 16:05:00,424.7900,424.8300,424.2000,424.5450,110937
2024-12-30 16:00:00,424.8200,425.8600,424.2100,424.8100,5406432
2024-12-30 15:55:00,426.2400,426.2900,424.7600,424.8200,761219
2024-12-30 15:50:00,426.4300,426.9500,426.0000,426.1413,249592
2024-12-30 15:45:00,426.6200,426.9600,426.4200,426.5400,112402
2024-12-30 15:40:00,426.4300,426.8000,426.2800,426.5900,129180
2024-12-30 15:35:00,426.3900,426.5600,426.2100,426.3950,95528
2024-12-30 15:30:00,426.1500,426.6400,426.0700,426.3200,91387
2024-12-30 15:25:00,427.0400,427.1631,426.0550,426.0700,108877
2024-12-30 15:20:00,427.1300,427.3100,427.0100,427.0599,69474
2024-12-30 15:15:00,427.1400,427.4300,426.9200,427.1850,81612
2024-12-30 15:10:00,426.8400,427.3900,426.7700,427.1600,108397
2024-12-30 15:05:00,426.7300,427.0600,426.5400,426.9016,84567
2024-12-30 15:00:00,426.9300,427.1500,426.6000,426.7300,95514
2024-12-30 14:55:00,426.7700,427.1700,426.7200,426.9900,69863
2024-12-30 14:50:00,426.6000,427.0000,426.5300,426.8300,69528
2024-12-30 14:45:00,426.5450,426.9500,426.4450,426.7199,75899
2024-12-30 14:40:00,426.6800,426.8500,426.5000,426.5200,82934
2024-12-30 14:35:00,426.6000,426.8899,426.5200,426.6400,60114
2024-12-30 14:30:00,426.5550,427.1300,426.5212,426.6400,74370
2024-12-30 14:25:00,426.2950,426.8725,426.1800,426.6000,75130
2024-12-30 14:20:00,426.3600,426.4533,425.8800,426.2500,107967
2024-12-30 14:15:00,426.5750,426.8810,426.3600,426.4500,59284
2024-12-30 14:10:00,426.9900,427.0000,426.1200,426.6200,70662
2024-12-30 14:05:00,427.1200,427.3000,426.4800,426.8700,77084
2024-12-30 14:00:00,426.9133,427.2500,426.8300,427.0200,55857
2024-12-30 13:55:00,426.8000,427.1300,426.6700,426.8301,100351
2024-12-30 13:50:00,426.9450,427.0829,426.5700,426.8600,81029
2024-12-30 13:45:00,426.8400,427.2000,426.7549,426.9400,92290
2024-12-30 13:40:00,426.4900,427.0000,426.3821,426.7850,55339
2024-12-30 13:35:00,426.5900,426.8900,426.1500,426.4855,69662
2024-12-30 13:30:00,426.0900,426.7100,425.9500,426.6100,92640
2024-12-30 13:25:00,425.9850,426.4000,425.5001,426.1100,82021
2024-12-30 13:20:00,426.4000,426.6800,425.8914,426.0100,76841
2024-12-30 13:15:00,426.7700,427.0000,426.2500,426.4001,58122
2024-12-30 13:10:00,426.3390,426.9300,426.3390,426.8000,60668
2024-12-30 13:05:00,426.4900,426.6200,426.1100,426.3850,72680
2024-12-30 13:00:00,426.9900,427.0134,426.3650,426.4600,68438
2024-12-30 12:55:00,426.5200,427.2700,425.8000,427.0300,80320
2024-12-30 12:50:00,427.2600,427.5500,426.4200,426.4600,79093
2024-12-30 12:45:00,426.9450,427.4000,426.8900,427.2800,102885
2024-12-30 12:40:00,426.7200,427.0000,426.4200,426.9600,83604
2024-12-30 12:35:00,426.8900,426.9600,426.5100,426.7000,69596
2024-12-30 12:30:00,426.5795,426.9300,426.4400,426.8200,107407
2024-12-30 12:25:00,426.3300,426.5900,426.0000,426.5450,70134
2024-12-30 12:20:00,425.8350,426.3700,425.8000,426.2900,94966
2024-12-30 12:15:00,425.5400,425.9000,425.4400,425.9000,55616
2024-12-30 12:10:00,425.3200,425.9766,425.2700,425.5700,65228
2024-12-30 12:05:00,425.6100,425.6850,425.0801,425.3100,78617
2024-12-30 12:00:00,425.4200,426.0000,425.4200,425.5901,83719
2024-12-30 11:55:00,425.3600,425.6000,425.1201,425.4400,96522
2024-12-30 11:50:00,425.0400,425.7064,425.0000,425.3050,109986
2024-12-30 11:45:00,425.7900,425.8400,424.9700,425.0350,101022
2024-12-30 11:40:00,425.6300,426.0499,425.5300,425.8050,104836
2024-12-30 11:35:00,425.3000,425.6500,425.2000,425.5800,81906
2024-12-30 11:30:00,425.1800,425.5599,425.1400,425.4100,126424
2024-12-30 11:25:00,424.9550,425.2400,424.8500,425.1900,437911
2024-12-30 11:20:00,425.4450,425.7900,424.9100,424.9550,129990
2024-12-30 11:15:00,424.4100,425.4900,424.3700,425.4000,103143
2024-12-30 11:10:00,424.3987,424.5400,424.1500,424.4500,69139
2024-12-30 11:05:00,424.4200,424.5300,424.1400,424.3800,70496
2024-12-30 11:00:00,424.3600,424.6250,423.9900,424.2900,73212
2024-12-30 10:55:00,423.6800,424.4700,423.6784,424.4400,98772
2024-12-30 10:50:00,423.8900,424.0200,423.2400,423.7200,79551
2024-12-30 10:45:00,424.7300,425.2950,423.4500,423.7000,118230
2024-12-30 10:40:00,424.4800,424.8800,424.1200,424.6800,123601
2024-12-30 10:35:00,423.4900,424.6200,423.2500,424.5600,158291
2024-12-30 10:30:00,423.3303,423.7600,423.3000,423.6300,148694
2024-12-30 10:25:00,422.9206,423.4800,422.8400,423.2700,105845
2024-12-30 10:20:00,423.4000,423.7600,422.8000,422.8100,147045
2024-12-30 10:15:00,423.8900,423.9800,423.2800,423.3900,120690
2024-12-30 10:10:00,422.8900,424.1400,422.5700,424.0550,141095
2024-12-30 10:05:00,422.6875,423.4000,422.5500,422.8600,154830
2024-12-30 10:00:00,422.6600,423.1500,421.9000,422.7150,233171
2024-12-30 09:55:00,422.9000,423.2600,422.2000,422.6650,188251
2024-12-30 09:50:00,423.7950,424.2800,422.8100,422.9140,171645
2024-12-30 09:45:00,424.0400,424.1412,423.2810,423.8800,241858
2024-12-30 09:40:00,424.5650,424.7900,423.5800,424.0000,215955
2024-12-30 09:35:00,423.8000,425.4500,423.4800,424.4527,281737
2024-12-30 09:30:00,426.0600,426.1100,423.7000,423.7500,701098
2024-12-30 09:25:00,426.3500,426.6100,425.5000,426.2200,13058
2024-12-30 09:20:00,426.3000,426.5000,425.6500,425.8546,9159
2024-12-30 09:15:00,426.5080,427.3800,426.0000,426.4100,1770
2024-12-30 09:10:00,426.6800,427.4500,426.0000,426.7000,4728
2024-12-30 09:05:00,425.9750,427.4500,425.7815,426.7500,4003
2024-12-30 09:00:00,426.0000,426.3900,425.6500,426.3000,5366
2024-12-30 08:55:00,425.7000,426.0000,425.4100,426.0000,4741
2024-12-30 08:50:00,425.9100,426.2100,425.5900,425.6400,6361
2024-12-30 08:45:00,426.0150,426.4300,425.5800,425.7500,10482
2024-12-30 08:40:00,425.5600,426.5000,425.5600,426.0000,5589
2024-12-30 08:35:00,426.8900,427.3400,425.5600,425.8000,12391
2024-12-30 08:30:00,426.8350,427.3700,426.6700,427.0200,3946
2024-12-30 08:25:00,427.4400,427.6800,426.6700,426.8000,2453
2024-12-30 08:20:00,427.4500,427.9268,426.8500,427.2300,2204
2024-12-30 08:15:00,426.8200,427.9900,426.6900,427.2100,4937
2024-12-30 08:10:00,426.7500,426.9800,426.6000,426.8100,1936
2024-12-30 08:05:00,426.6400,430.5300,426.4000,426.8400,5657
2024-12-30 08:00:00,429.5800,431.3588,426.5000,426.7400,16301
2024-12-30 07:55:00,426.8400,427.3700,426.7000,426.8400,6337
2024-12-30 07:50:00,426.8200,427.1300,426.7300,426.9900,3142
2024-12-30 07:45:00,427.1700,427.5900,426.5600,426.8600,3211
2024-12-30 07:40:00,428.0000,428.0700,426.8800,427.0400,5739
2024-12-30 07:35:00,428.5800,428.6500,427.8800,428.0200,2756
2024-12-30 07:30:00,429.1700,429.4500,428.4100,428.5300,3294
2024-12-30 07:25:00,429.3600,429.4000,429.1600,429.2000,1321
2024-12-30 07:20:00,429.8500,429.8500,429.4000,429.4000,1260
2024-12-30 07:15:00,429.7300,430.0000,429.5700,429.7300,309
2024-12-30 07:10:00,429.6000,429.7600,429.4700,429.6000,786
2024-12-30 07:05:00,429.4900,429.6200,429.3800,429.6000,1121
2024-12-30 07:00:00,429.8400,429.9500,429.0200,429.3800,2512
2024-12-30 06:55:00,430.1900,430.1900,429.6100,429.8400,1465
2024-12-30 06:50:00,430.1200,430.1900,430.1100,430.1800,201
2024-12-30 06:45:00,430.1800,430.1900,430.0900,430.1900,360
2024-12-30 06:40:00,430.1700,430.2000,430.0800,430.1800,381
2024-12-30 06:35:00,430.2000,430.2000,430.0800,430.1700,28
2024-12-30 06:30:00,430.1800,430.2100,430.0900,430.1400,309
2024-12-30 06:25:00,430.1800,430.3100,430.1500,430.1500,956
2024-12-30 06:20:00,430.1200,430.3600,430.0800,430.2000,125
2024-12-30 06:15:00,430.2200,430.2200,430.1000,430.1000,28
2024-12-30 06:10:00,430.1300,430.2400,430.0800,430.2000,675
2024-12-30 06:05:00,430.2600,430.3100,430.1000,430.1200,160
2024-12-30 06:00:00,430.0800,430.2900,430.0800,430.1100,487
2024-12-30 05:55:00,430.0000,430.1200,429.9600,430.0000,227
2024-12-30 05:50:00,430.0100,430.0700,430.0000,430.0700,338
2024-12-30 05:45:00,429.9300,430.1100,429.9300,430.0000,460
2024-12-30 05:40:00,430.0700,430.0700,429.9300,429.9300,29
2024-12-30 05:35:00,429.9800,430.0700,429.8500,429.8600,239
2024-12-30 05:30:00,429.9000,430.0600,429.8600,429.9600,255
2024-12-30 05:25:00,430.0000,430.1200,429.8500,429.8500,2300
2024-12-30 05:20:00,430.0400,430.2400,430.0100,430.0100,38
2024-12-30 05:15:00,429.7900,430.3400,429.7500,430.0400,3461
2024-12-30 05:10:00,429.7000,429.7900,429.6100,429.6700,475
2024-12-30 05:05:00,429.5200,429.7600,429.5200,429.7000,85
2024-12-30 05:00:00,429.5300,429.6600,429.4200,429.6600,512
2024-12-30 04:55:00,429.5900,429.6000,429.4700,429.5400,194
2024-12-30 04:50:00,429.7600,429.8000,429.4800,429.4800,1271
2024-12-30 04:45:00,429.9800,429.9800,429.3700,429.4700,555
2024-12-30 04:40:00,429.8900,430.0400,429.7800,429.8000,525
2024-12-30 04:35:00,430.0100,430.1800,429.7600,429.8700,704
2024-12-30 04:30:00,430.4800,430.6000,429.7400,429.7800,2570
2024-12-30 04:25:00,430.5700,430.6000,430.3700,430.6000,608
2024-12-30 04:20:00,430.2000,430.5300,430.0200,430.3600,1375
2024-12-30 04:15:00,430.5500,430.5800,430.0100,430.0100,1185
2024-12-30 04:10:00,430.2200,430.6300,430.1500,430.6300,1896
2024-12-30 04:05:00,429.8800,430.5000,429.7200,430.2500,2787
2024-12-30 04:00:00,430.7000,431.0000,429.7100,429.7200,3660
2024-12-27 19:55:00,430.5450,430.6000,430.5000,430.5500,986
2024-12-27 19:50:00,430.5500,430.6000,430.5022,430.5022,305
2024-12-27 19:45:00,430.5200,430.6000,430.5000,430.5500,742
2024-12-27 19:40:00,430.5500,430.6000,430.5000,430.5200,345
2024-12-27 19:35:00,430.5999,430.5999,430.5000,430.5200,258
2024-12-27 19:30:00,430.3900,430.6200,430.1320,430.5500,1020
2024-12-27 19:25:00,430.6900,430.7800,430.2550,430.2550,2136
2024-12-27 19:20:00,430.2600,430.8000,430.2600,430.5000,8001
2024-12-27 19:15:00,429.9000,430.4100,429.7600,430.3000,2040
2024-12-27 19:10:00,429.7600,429.9000,429.7030,429.9000,246
2024-12-27 19:05:00,429.8400,430.0000,429.6200,429.8900,97
2024-12-27 19:00:00,430.0050,430.2100,429.6000,429.8400,617
2024-12-27 18:55:00,430.1050,430.2100,430.0000,430.0050,1064
2024-12-27 18:50:00,430.1050,430.2100,430.0000,430.1050,304
2024-12-27 18:45:00,430.2100,430.2100,430.0000,430.1400,207
2024-12-27 18:40:00,430.0000,430.1050,429.9000,430.1050,698
2024-12-27 18:35:00,430.0200,430.2100,429.5400,430.0000,326
2024-12-27 18:30:00,429.8750,430.2100,429.5400,429.8750,53
2024-12-27 18:25:00,430.0100,430.5300,429.5400,429.5400,1895
2024-12-27 18:20:00,429.8150,430.0900,429.5400,429.8750,724
2024-12-27 18:15:00,430.1400,430.2100,429.7950,430.0000,440
2024-12-27 18:10:00,430.1500,430.2100,430.1000,430.1550,228
2024-12-27 18:05:00,430.2100,430.2100,429.8550,430.2100,113
2024-12-27 18:00:00,430.1400,430.2100,429.5600,430.1500,265
2024-12-27 17:55:00,430.2000,430.2000,429.5000,429.9500,307
2024-12-27 17:50:00,430.2100,430.2100,429.5000,430.2100,1105
2024-12-27 17:45:00,429.8550,430.2100,429.5177,429.8550,709
2024-12-27 17:40:00,430.1100,430.2100,429.6200,430.1800,1273
2024-12-27 17:35:00,430.1000,430.4600,430.0000,430.0000,308
2024-12-27 17:30:00,430.0000,430.4900,429.8600,430.2400,164
2024-12-27 17:25:00,429.8500,430.4900,429.7500,430.0000,4212
2024-12-27 17:20:00,429.9900,430.2812,429.5000,429.5000,1402
2024-12-27 17:15:00,430.0500,430.5300,429.8500,430.4088,12791
2024-12-27 17:10:00,414.4575,430.2100,410.7134,430.1400,750
2024-12-27 17:05:00,430.1700,430.4200,411.2430,430.0300,4666
2024-12-27 17:00:00,430.4000,430.4800,410.7134,430.1540,1092
2024-12-27 16:55:00,430.0999,430.4000,430.0600,430.3000,3052
2024-12-27 16:50:00,430.0000,430.5300,430.0000,430.0600,90125
2024-12-27 16:45:00,430.1700,430.5800,430.0000,430.0000,10160
2024-12-27 16:40:00,430.5000,430.5100,430.1200,430.2000,2208
2024-12-27 16:35:00,430.4900,442.6200,430.2600,430.5000,3762
2024-12-27 16:30:00,430.7300,430.7450,430.4500,430.5000,12293
2024-12-27 16:25:00,430.8000,430.9000,430.5600,430.7500,2386
2024-12-27 16:20:00,431.0750,431.0750,430.5300,430.8000,33117
2024-12-27 16:15:00,430.5300,431.2500,430.5300,431.0000,2544
2024-12-27 16:10:00,431.2000,431.3800,430.6192,431.0636,2051
2024-12-27 16:05:00,430.7600,431.8700,430.5300,431.2400,14045
2024-12-27 16:00:00,430.7000,431.0000,430.2300,430.8500,9281808
2024-12-27 15:55:00,430.3700,430.8300,429.8927,430.7000,1221738
2024-12-27 15:50:00,429.6500,430.9900,429.6500,430.3700,431859
2024-12-27 15:45:00,428.9200,429.7000,428.8400,429.6599,444738
2024-12-27 15:40:00,428.8701,429.3900,428.7300,428.9100,173811
2024-12-27 15:35:00,429.2900,429.4700,428.7300,429.0000,160801
2024-12-27 15:30:00,429.1900,429.4900,428.9200,429.3200,169191
2024-12-27 15:25:00,429.1600,429.5500,428.9332,429.2064,132064
2024-12-27 15:20:00,429.2450,429.3700,428.8100,429.1400,154693
2024-12-27 15:15:00,429.3850,429.5500,429.1101,429.2200,145296
2024-12-27 15:10:00,430.0600,430.1300,429.0100,429.3200,157411
2024-12-27 15:05:00,429.9550,430.3300,429.6300,430.0600,123503
2024-12-27 15:00:00,430.6650,430.7300,429.8405,429.9700,117347
2024-12-27 14:55:00,430.3900,430.7800,430.3250,430.7300,93603
2024-12-27 14:50:00,430.3800,430.4500,430.2063,430.3500,57680
2024-12-27 14:45:00,430.3600,430.5700,430.2900,430.4100,53881
2024-12-27 14:40:00,430.2550,430.5000,430.2000,430.3500,69168
2024-12-27 14:35:00,430.1000,430.3700,430.0600,430.2500,68204
2024-12-27 14:30:00,429.8700,430.2400,429.7500,430.0999,64895
2024-12-27 14:25:00,429.9900,430.1600,429.6500,429.8200,65467
2024-12-27 14:20:00,430.2750,430.2750,429.7100,429.9300,62116
2024-12-27 14:15:00,429.8900,430.3000,429.7500,430.3000,65392
2024-12-27 14:10:00,430.0600,430.2700,429.8500,429.8600,52532
2024-12-27 14:05:00,429.8150,430.3300,429.8041,430.0600,108745
2024-12-27 14:00:00,429.6000,429.8600,429.5500,429.8100,50311
2024-12-27 13:55:00,429.7600,430.0000,429.6000,429.6100,74314
2024-12-27 13:50:00,429.3300,429.9100,429.3200,429.7700,100245
2024-12-27 13:45:00,429.5000,429.7500,429.2200,429.3300,65130
2024-12-27 13:40:00,428.7600,429.3900,428.7600,429.3900,77869
2024-12-27 13:35:00,428.6850,428.9200,428.5500,428.7526,51179
2024-12-27 13:30:00,428.2700,428.7999,428.2001,428.7999,81485
2024-12-27 13:25:00,428.2290,428.4800,427.9900,428.3100,62008
2024-12-27 13:20:00,428.1700,428.3200,427.9500,428.3200,50709
2024-12-27 13:15:00,427.9500,428.2700,427.9000,428.1156,50954
2024-12-27 13:10:00,427.6850,428.3000,427.6850,427.9500,84551
2024-12-27 13:05:00,428.2000,428.2500,427.4100,427.6800,68992
2024-12-27 13:00:00,427.7500,428.2520,427.7300,428.1504,99817
2024-12-27 12:55:00,427.5150,427.8400,427.3500,427.7500,120587
2024-12-27 12:50:00,427.0000,427.5400,427.0000,427.5400,64516
2024-12-27 12:45:00,427.2950,427.3700,426.7842,426.9921,56925
2024-12-27 12:40:00,426.9800,427.4600,426.9100,427.2605,89435
2024-12-27 12:35:00,427.1200,427.3200,426.3500,426.8100,148053
2024-12-27 12:30:00,426.8350,427.6800,426.7300,427.1900,101244
2024-12-27 12:25:00,426.5750,427.1800,426.5400,426.8411,127633
2024-12-27 12:20:00,426.9200,427.0750,426.5250,426.5850,102460
2024-12-27 12:15:00,427.0250,427.2122,426.6001,426.9200,119025
2024-12-27 12:10:00,427.1800,427.3900,426.9100,426.9400,104572
2024-12-27 12:05:00,427.5600,427.6000,426.9570,427.2299,105063
2024-12-27 12:00:00,427.6550,427.8700,427.2850,427.5600,89232
2024-12-27 11:55:00,426.9450,427.9100,426.9001,427.7199,93039
2024-12-27 11:50:00,428.0200,428.0600,426.7100,426.8900,197591
2024-12-27 11:45:00,428.4150,428.6690,427.8600,427.9200,171060
2024-12-27 11:40:00,429.5800,429.7200,428.3900,428.3900,95405
2024-12-27 11:35:00,429.5300,429.9164,429.4400,429.6000,204881
2024-12-27 11:30:00,429.6900,429.7887,429.2350,429.6200,172784
2024-12-27 11:25:00,428.4525,429.7500,428.4525,429.6850,454708
2024-12-27 11:20:00,428.4400,428.7800,428.3900,428.4450,104675
2024-12-27 11:15:00,427.9900,428.5900,427.9400,428.3800,102681
2024-12-27 11:10:00,428.2750,428.6900,427.8000,427.9000,129325
2024-12-27 11:05:00,428.4200,428.5900,428.0100,428.2650,152097
2024-12-27 11:00:00,429.3000,429.3900,428.2400,428.3900,122228
2024-12-27 10:55:00,429.6500,429.6829,429.2200,429.3000,150321
2024-12-27 10:50:00,429.1700,429.7000,428.9100,429.7000,534222
2024-12-27 10:45:00,428.7715,429.3850,428.3500,429.0850,193616
2024-12-27 10:40:00,428.3100,428.9600,428.0400,428.7700,136951
2024-12-27 10:35:00,427.6300,428.3700,427.5900,428.3100,130600
2024-12-27 10:30:00,428.3100,428.3500,427.4000,427.7045,437542
2024-12-27 10:25:00,428.5000,428.6600,428.0300,428.3400,126641
2024-12-27 10:20:00,427.9400,429.2000,427.7600,428.5300,178034
2024-12-27 10:15:00,428.5300,428.6300,427.3600,427.9400,216949
2024-12-27 10:10:00,429.0300,429.1597,427.8100,428.5700,221373
2024-12-27 10:05:00,429.2600,429.4300,428.3100,429.0550,238204
2024-12-27 10:00:00,430.4700,430.7000,429.2400,429.2400,231407
2024-12-27 09:55:00,430.2696,430.4800,429.7500,430.4700,157459
2024-12-27 09:50:00,430.9600,430.9950,430.2100,430.2100,187281
2024-12-27 09:45:00,429.5700,431.0600,429.4100,430.9900,297220
2024-12-27 09:40:00,430.6600,430.7900,429.2400,429.5859,290935
2024-12-27 09:35:00,432.2400,432.8500,430.2230,430.6600,322204
2024-12-27 09:30:00,434.6000,435.2200,432.1015,432.1750,502341
2024-12-27 09:25:00,436.0500,436.9900,434.7800,435.0000,13539
2024-12-27 09:20:00,436.5600,438.8900,424.7350,436.2600,3426
2024-12-27 09:15:00,436.7400,439.7900,436.2500,438.1500,2778
2024-12-27 09:10:00,436.6700,437.0700,436.1000,436.6000,3070
2024-12-27 09:05:00,436.6000,437.0100,436.2500,436.4700,1287
2024-12-27 09:00:00,436.7000,437.4000,436.2000,436.2942,2632
2024-12-27 08:55:00,437.5200,437.5200,436.3800,436.7100,1437
2024-12-27 08:50:00,436.7900,438.1100,436.7300,437.1300,812
2024-12-27 08:45:00,436.6700,437.0000,436.6300,436.7200,856
2024-12-27 08:40:00,436.3100,437.0000,436.2000,437.0000,1810
2024-12-27 08:35:00,436.8000,437.0450,436.1200,436.2800,2540
2024-12-27 08:30:00,437.2000,437.5200,436.8000,436.8000,3550
2024-12-27 08:25:00,437.0500,437.2700,437.0500,437.1600,1058
2024-12-27 08:20:00,437.1400,437.2700,437.0000,437.1600,1719
2024-12-27 08:15:00,437.3100,437.5300,437.0000,437.1400,238
2024-12-27 08:10:00,437.1400,437.6400,436.8800,437.3200,908
2024-12-27 08:05:00,438.1100,438.1100,436.8700,437.1400,950
2024-12-27 08:00:00,437.0000,438.1100,436.1012,437.6200,18494
2024-12-27 07:55:00,437.4000,437.5300,437.2000,437.5300,377
2024-12-27 07:50:00,437.5600,437.6800,437.3500,437.4100,1622
2024-12-27 07:45:00,437.4500,437.5600,437.4100,437.5600,759
2024-12-27 07:40:00,437.5300,437.6100,437.3900,437.4100,1119
2024-12-27 07:35:00,437.5700,437.6400,437.4400,437.4800,377
2024-12-27 07:30:00,437.7600,437.7600,437.5400,437.5700,576
2024-12-27 07:25:00,437.4000,437.6100,437.4000,437.5800,499
2024-12-27 07:20:00,437.7700,437.8300,437.3200,437.3900,1378
2024-12-27 07:15:00,437.8700,437.8900,437.6900,437.8300,250
2024-12-27 07:10:00,437.7500,437.8400,437.7000,437.8400,443
2024-12-27 07:05:00,437.2800,437.7800,437.2600,437.7000,766
2024-12-27 07:00:00,437.0000,437.3700,436.9200,437.2600,3138
2024-12-27 06:55:00,436.9000,437.0000,436.8600,437.0000,407
2024-12-27 06:50:00,436.8400,436.9000,436.7900,436.8300,214
2024-12-27 06:45:00,437.0500,437.1000,436.8400,436.8800,1238
2024-12-27 06:40:00,437.0700,437.2000,437.0500,437.2000,113
2024-12-27 06:35:00,437.0500,437.2000,437.0100,437.0500,90
2024-12-27 06:30:00,437.2000,437.2200,437.0400,437.0500,442
2024-12-27 06:25:00,437.2600,437.2600,437.1100,437.1200,88
2024-12-27 06:20:00,437.0700,437.3000,437.0300,437.3000,281
2024-12-27 06:15:00,437.1000,437.1000,437.0300,437.0700,50
2024-12-27 06:10:00,437.1000,437.1000,437.0100,437.0900,41
2024-12-27 06:05:00,436.9700,437.1000,436.9000,437.0900,426
2024-12-27 06:00:00,436.9700,437.1000,436.9000,436.9900,425
2024-12-27 05:55:00,436.9500,437.0400,436.9500,436.9700,180
2024-12-27 05:50:00,437.2400,437.2400,436.9100,436.9500,1281
2024-12-27 05:45:00,437.2800,437.2800,437.1900,437.1900,104
2024-12-27 05:40:00,437.2200,437.3300,437.1600,437.3000,216
2024-12-27 05:35:00,437.3500,437.4500,437.1900,437.2200,447
2024-12-27 05:30:00,437.1700,437.4800,437.0500,437.3400,1187
2024-12-27 05:25:00,437.1700,437.3000,437.1700,437.1700,101
2024-12-27 05:20:00,437.3000,437.3000,437.0900,437.1700,231
2024-12-27 05:15:00,436.8800,437.3100,436.8400,437.1000,2120
2024-12-27 05:10:00,436.8700,436.8800,436.7600,436.8100,110
2024-12-27 05:05:00,436.7100,436.8800,436.6500,436.7600,415
2024-12-27 05:00:00,436.6500,436.7500,436.5600,436.7100,425
2024-12-27 04:55:00,436.6600,436.7400,436.5700,436.6000,787
2024-12-27 04:50:00,436.5900,436.7000,436.4600,436.7000,1028
2024-12-27 04:45:00,436.4800,436.6700,436.4700,436.5900,333
2024-12-27 04:40:00,436.6200,436.7300,436.4800,436.4800,299
2024-12-27 04:35:00,436.6000,436.7400,436.5400,436.6200,1458
2024-12-27 04:30:00,436.8000,436.8800,436.5000,436.5600,619
2024-12-27 04:25:00,436.6900,436.8400,436.6800,436.7400,470
2024-12-27 04:20:00,436.7100,436.9000,436.6900,436.7400,1708
2024-12-27 04:15:00,436.5600,436.8500,436.5000,436.8200,685
2024-12-27 04:10:00,436.6700,436.7300,436.3800,436.4900,981
2024-12-27 04:05:00,436.6900,436.9400,436.2400,436.7000,2013
2024-12-27 04:00:00,437.0000,437.7800,436.2000,436.7400,1197
2024-12-26 19:55:00,437.4600,437.6100,437.3100,437.4596,457
2024-12-26 19:50:00,437.4800,437.6100,437.3100,437.4600,278
2024-12-26 19:45:00,437.4100,437.5000,437.3101,437.4050,133
2024-12-26 19:40:00,437.4600,437.6100,437.3100,437.4900,139
2024-12-26 19:35:00,437.6100,437.6100,437.3100,437.4700,32
2024-12-26 19:30:00,437.4600,437.6100,437.3100,437.6088,200
2024-12-26 19:25:00,437.3112,437.6100,437.3100,437.6099,250
2024-12-26 19:20:00,437.6200,437.6200,437.0000,437.4600,903
2024-12-26 19:15:00,437.8700,438.1100,437.6100,438.1100,619
2024-12-26 19:10:00,437.8500,438.1100,437.8200,437.8400,852
2024-12-26 19:05:00,437.9600,438.1100,437.8200,437.9565,76
2024-12-26 19:00:00,437.8700,438.0900,437.8100,437.9650,79
2024-12-26 18:55:00,437.7800,438.0900,437.6200,437.9200,217
2024-12-26 18:50:00,437.8550,438.0900,437.6200,437.8400,183
2024-12-26 18:45:00,437.8550,438.0900,437.6200,437.9300,166
2024-12-26 18:40:00,437.8050,438.0000,437.7500,437.7600,388
2024-12-26 18:35:00,437.7550,437.9988,437.7550,437.9988,89
2024-12-26 18:30:00,437.9000,437.9000,437.6612,437.7550,134
2024-12-26 18:25:00,437.7550,437.9000,437.6100,437.7550,42
2024-12-26 18:20:00,437.8400,438.0800,437.6000,437.8900,215
2024-12-26 18:15:00,437.7900,438.0800,437.6000,437.8400,240
2024-12-26 18:10:00,437.8700,438.0400,437.6000,437.8400,218
2024-12-26 18:05:00,438.0800,438.0800,437.7000,437.7000,480
2024-12-26 18:00:00,437.9450,438.0800,437.7300,437.9050,277
2024-12-26 17:55:00,437.9450,438.0900,437.8000,437.9450,259
2024-12-26 17:50:00,437.9300,438.0900,437.7800,437.8000,357
2024-12-26 17:45:00,438.0800,438.0800,437.7800,437.9300,153
2024-12-26 17:40:00,437.7975,462.5142,417.0000,438.0800,173
2024-12-26 17:35:00,437.9045,440.6342,409.0692,412.8700,2607
2024-12-26 17:30:00,437.8200,440.6832,409.0692,437.9900,10689
2024-12-26 17:25:00,440.6342,440.6342,410.6717,437.8050,214
2024-12-26 17:20:00,437.8700,466.0335,418.7532,437.7000,26354
2024-12-26 17:15:00,437.8500,440.6342,418.7532,437.9000,305
2024-12-26 17:10:00,437.8400,437.9000,437.7000,437.8600,205
2024-12-26 17:05:00,438.0350,438.0800,437.7000,437.7000,953
2024-12-26 17:00:00,438.0200,438.0900,437.9800,438.0350,660
2024-12-26 16:55:00,437.9750,438.0900,437.9600,438.0200,2401
2024-12-26 16:50:00,437.8500,438.1100,437.8200,438.1100,34257
2024-12-26 16:45:00,437.9300,437.9900,437.7000,437.8200,722
2024-12-26 16:40:00,437.9400,437.9900,437.7000,437.8520,281
2024-12-26 16:35:00,437.9900,438.1100,437.8450,437.9100,5630
2024-12-26 16:30:00,437.9888,437.9900,437.7000,437.9900,1715
2024-12-26 16:25:00,437.8500,437.9900,437.7000,437.8450,973
2024-12-26 16:20:00,437.9400,437.9500,437.8200,437.8500,668
2024-12-26 16:15:00,438.1100,438.1100,437.7000,437.9500,1070
2024-12-26 16:10:00,437.8850,437.9900,437.7000,437.9000,732
2024-12-26 16:05:00,438.0700,438.1100,437.6500,437.9900,43054
2024-12-26 16:00:00,438.1100,438.5250,435.5000,437.8600,3628446
2024-12-26 15:55:00,439.2000,439.2000,438.0500,438.1100,510858
2024-12-26 15:50:00,439.4000,439.4000,438.8500,439.1250,145434
2024-12-26 15:45:00,439.5100,439.6600,439.2300,439.3900,70597
2024-12-26 15:40:00,439.6215,439.7800,439.4600,439.4900,72079
2024-12-26 15:35:00,439.4200,439.7100,439.4000,439.5901,79999
2024-12-26 15:30:00,439.5600,439.5900,439.3800,439.4300,54930
2024-12-26 15:25:00,439.6850,439.7200,439.5000,439.5600,47293
2024-12-26 15:20:00,439.6900,439.7600,439.5800,439.6850,40654
2024-12-26 15:15:00,439.4900,439.7399,439.4068,439.6850,47933
2024-12-26 15:10:00,439.9085,439.9699,439.4100,439.4550,45099
2024-12-26 15:05:00,439.8150,439.9700,439.7200,439.9150,60356
2024-12-26 15:00:00,439.6700,439.8899,439.6600,439.8100,50330
2024-12-26 14:55:00,439.6163,439.7300,439.5600,439.6785,33883
2024-12-26 14:50:00,439.5800,439.7100,439.5301,439.5801,34142
2024-12-26 14:45:00,439.4200,439.7100,439.3800,439.4800,41774
2024-12-26 14:40:00,439.3000,439.5900,439.2916,439.4200,52861
2024-12-26 14:35:00,439.1300,439.3599,439.0800,439.2800,35878
2024-12-26 14:30:00,438.9800,439.2600,438.9200,439.0900,55708
2024-12-26 14:25:00,438.9400,439.1100,438.8501,438.9900,35243
2024-12-26 14:20:00,438.6600,439.0000,438.6350,438.9600,36115
2024-12-26 14:15:00,438.7600,438.8770,438.5614,438.6400,43293
2024-12-26 14:10:00,439.0000,439.1900,438.7800,438.8100,38161
2024-12-26 14:05:00,439.1500,439.1828,438.9000,439.0200,51335
2024-12-26 14:00:00,438.9600,439.2300,438.8800,439.1850,32368
2024-12-26 13:55:00,439.0300,439.2000,438.7100,438.9950,37035
2024-12-26 13:50:00,439.0600,439.1525,438.8900,439.0800,75828
2024-12-26 13:45:00,438.8310,439.2500,438.7900,439.0693,35218
2024-12-26 13:40:00,439.0612,439.2100,438.6000,438.8750,44356
2024-12-26 13:35:00,438.6900,439.2700,438.6900,439.0450,38133
2024-12-26 13:30:00,439.1450,439.2700,438.5643,438.6700,47555
2024-12-26 13:25:00,439.1400,439.3300,439.1350,439.1550,35591
2024-12-26 13:20:00,439.2500,439.3400,438.9800,439.0440,40642
2024-12-26 13:15:00,439.0200,439.3300,438.9600,439.2800,43971
2024-12-26 13:10:00,439.1800,439.2700,438.9300,439.0850,38022
2024-12-26 13:05:00,438.5400,439.2700,438.3800,439.1800,58964
2024-12-26 13:00:00,438.4800,438.6400,438.3600,438.5200,57624
2024-12-26 12:55:00,438.5500,438.9200,438.2359,438.5300,42551
2024-12-26 12:50:00,438.4850,438.7199,438.1550,438.5500,68984
2024-12-26 12:45:00,439.2000,439.2500,438.0300,438.4321,86636
2024-12-26 12:40:00,439.1250,439.2900,438.9800,439.2150,56090
2024-12-26 12:35:00,439.5000,439.5700,439.0000,439.0971,51038
2024-12-26 12:30:00,439.0200,439.5500,438.9562,439.5018,50654
2024-12-26 12:25:00,439.4900,439.4900,438.9400,438.9938,39073
2024-12-26 12:20:00,439.6900,439.6900,439.3700,439.4942,38433
2024-12-26 12:15:00,439.7000,439.9094,439.5701,439.7250,53944
2024-12-26 12:10:00,439.1200,439.7399,439.1000,439.7000,56380
2024-12-26 12:05:00,439.2400,439.3550,439.0900,439.1200,61635
2024-12-26 12:00:00,439.2900,439.4800,438.9550,439.2500,109011
2024-12-26 11:55:00,439.0950,439.4999,439.0651,439.3100,69570
2024-12-26 11:50:00,439.4700,439.4800,439.0300,439.0600,52276
2024-12-26 11:45:00,439.3800,439.5000,439.0900,439.4762,53077
2024-12-26 11:40:00,439.1500,439.5600,439.0950,439.4000,79173
2024-12-26 11:35:00,439.2500,439.2500,438.9600,439.2000,47369
2024-12-26 11:30:00,438.6800,439.4300,438.6800,439.2500,71566
2024-12-26 11:25:00,438.7050,438.8600,438.5200,438.7900,74424
2024-12-26 11:20:00,438.9350,439.1400,438.6510,438.7100,57658
2024-12-26 11:15:00,438.6050,439.0400,438.5639,438.9350,87868
2024-12-26 11:10:00,437.9000,438.6500,437.8600,438.6000,59487
2024-12-26 11:05:00,438.1150,438.3000,437.7900,437.9100,54468
2024-12-26 11:00:00,438.0900,438.3600,437.9001,438.1300,249106
2024-12-26 10:55:00,437.6194,438.1200,437.4100,438.0300,85966
2024-12-26 10:50:00,437.5800,437.7800,437.4700,437.6400,65327
2024-12-26 10:45:00,437.5200,437.8000,437.3401,437.5800,60336
2024-12-26 10:40:00,438.1200,438.1300,437.5000,437.5000,89908
2024-12-26 10:35:00,438.1950,438.3100,437.8416,438.1100,57249
2024-12-26 10:30:00,438.2400,438.4300,438.0200,438.1600,70414
2024-12-26 10:25:00,437.8500,438.2400,437.5416,438.2350,130892
2024-12-26 10:20:00,437.3500,438.0450,437.1400,437.9400,71097
2024-12-26 10:15:00,437.8600,437.9499,437.2400,437.3200,71880
2024-12-26 10:10:00,437.7600,438.0850,437.5900,437.8400,117726
2024-12-26 10:05:00,438.4600,438.6500,437.6400,437.7500,108146
2024-12-26 10:00:00,438.3800,438.6100,438.1400,438.5400,81663
2024-12-26 09:55:00,436.8300,438.5400,436.7885,438.2487,80780
2024-12-26 09:50:00,438.0200,438.3900,436.6300,436.7000,123632
2024-12-26 09:45:00,438.9400,439.2500,438.0600,438.0600,87489
2024-12-26 09:40:00,439.8000,440.0700,438.7192,439.0100,119556
2024-12-26 09:35:00,439.5500,440.3556,439.2601,439.8257,165344
2024-12-26 09:30:00,439.0800,440.9400,438.4400,439.5900,471857
2024-12-26 09:25:00,438.8000,439.2900,438.1500,439.0300,4959
2024-12-26 09:20:00,439.1400,439.2900,438.5000,439.0000,3451
2024-12-26 09:15:00,438.9400,439.2900,438.5000,439.2554,4348
2024-12-26 09:10:00,438.7500,439.0000,438.5000,438.9400,3022
2024-12-26 09:05:00,438.9900,438.9900,438.4000,438.6600,671
2024-12-26 09:00:00,438.5800,439.0000,438.1630,438.7500,1521
2024-12-26 08:55:00,438.2300,438.6000,438.0200,438.5700,1471
2024-12-26 08:50:00,438.1500,438.4600,438.0000,438.2400,1203
2024-12-26 08:45:00,437.9500,438.3000,437.8200,438.2000,2238
2024-12-26 08:40:00,437.6000,438.2900,437.6000,437.8400,1103
2024-12-26 08:35:00,437.7400,438.0000,437.5450,437.9700,4782
2024-12-26 08:30:00,438.1500,438.3000,437.2500,437.5800,6825
2024-12-26 08:25:00,438.1600,438.4500,438.0000,438.1500,1192
2024-12-26 08:20:00,438.3800,438.5000,438.1200,438.2100,586
2024-12-26 08:15:00,438.3300,438.5000,438.1100,438.3100,425
2024-12-26 08:10:00,438.1800,439.3300,438.1000,438.4600,1050
2024-12-26 08:05:00,439.3300,439.3300,437.9700,438.2000,1225
2024-12-26 08:00:00,438.2900,441.3500,437.0522,438.2500,14607
2024-12-26 07:55:00,438.1700,438.3600,438.1500,438.1500,378
2024-12-26 07:50:00,438.0800,438.3000,438.0700,438.3000,406
2024-12-26 07:45:00,438.0200,438.1500,438.0000,438.1500,217
2024-12-26 07:40:00,438.1000,438.1500,438.0000,438.1100,793
2024-12-26 07:35:00,438.1200,438.2000,438.0000,438.0800,1182
2024-12-26 07:30:00,438.2000,438.2300,438.0000,438.1500,828
2024-12-26 07:25:00,438.0000,438.2800,438.0000,438.2300,503
2024-12-26 07:20:00,438.2800,438.3800,438.0000,438.0000,1882
2024-12-26 07:15:00,438.0100,438.2900,438.0100,438.2500,134
2024-12-26 07:10:00,438.0100,438.2700,438.0000,438.2100,3519
2024-12-26 07:05:00,438.2000,438.2900,438.0000,438.1500,877
2024-12-26 07:00:00,438.4400,438.5000,438.0000,438.2400,1772
2024-12-26 06:55:00,438.3000,438.4400,438.2700,438.3500,160
2024-12-26 06:50:00,438.1300,438.3400,438.1300,438.2700,193
2024-12-26 06:45:00,438.1500,438.2800,438.0000,438.2200,297
2024-12-26 06:40:00,437.8700,438.1600,437.8000,438.1600,3571
2024-12-26 06:35:00,438.0000,438.0000,437.8500,437.8700,291
2024-12-26 06:30:00,437.8200,438.0000,437.8000,437.9800,631
2024-12-26 06:25:00,437.5600,437.8500,437.5600,437.8000,251
2024-12-26 06:20:00,437.4800,437.7500,437.4600,437.5600,165
2024-12-26 06:15:00,437.4100,437.6300,437.3900,437.4800,108
2024-12-26 06:10:00,437.6600,437.7900,437.4100,437.4500,1006
2024-12-26 06:05:00,437.7000,437.7600,437.5600,437.7600,157
2024-12-26 06:00:00,437.5500,437.7000,437.5000,437.6400,71
2024-12-26 05:55:00,437.5000,437.7800,437.5000,437.5500,163
2024-12-26 05:50:00,437.7100,437.7100,437.3600,437.4200,423
2024-12-26 05:45:00,437.7600,437.8500,437.4200,437.6000,400
2024-12-26 05:40:00,437.6600,437.8500,437.6600,437.7400,125
2024-12-26 05:35:00,437.7300,437.9100,437.6000,437.8000,1211
2024-12-26 05:30:00,437.4500,437.7900,437.4500,437.7400,274
2024-12-26 05:25:00,437.5600,437.5800,437.4300,437.4400,452
2024-12-26 05:20:00,437.6000,437.6500,437.5000,437.5600,216
2024-12-26 05:15:00,437.3500,437.7800,437.3500,437.6000,172
2024-12-26 05:10:00,438.0000,438.0000,437.0500,437.3000,1527
2024-12-26 05:05:00,438.2000,438.2000,438.0000,438.0300,333
2024-12-26 05:00:00,438.2000,438.2400,438.0600,438.1500,181
2024-12-26 04:55:00,438.0800,438.3400,438.0000,438.0400,459
2024-12-26 04:50:00,438.3300,438.4000,438.0800,438.0800,356
2024-12-26 04:45:00,438.4000,438.4100,438.1500,438.4100,187
2024-12-26 04:40:00,438.2700,438.4000,438.0800,438.4000,532
2024-12-26 04:35:00,438.4400,438.4400,438.1000,438.4000,519
2024-12-26 04:30:00,438.5100,438.5100,438.4100,438.5100,107
2024-12-26 04:25:00,438.3900,438.6400,438.0000,438.5100,686
2024-12-26 04:20:00,438.4000,438.5900,438.3200,438.3200,677
2024-12-26 04:15:00,438.5700,438.5700,437.8600,438.5300,822
2024-12-26 04:10:00,438.7300,438.9900,438.2300,438.2500,613
2024-12-26 04:05:00,437.5500,438.5000,437.3200,438.3900,1166
2024-12-26 04:00:00,440.1900,440.4700,437.4900,437.5500,3864
2024-12-24 16:55:00,439.1700,439.3000,439.0101,439.0500,211
2024-12-24 16:50:00,439.0700,439.3200,439.0000,439.1800,394
2024-12-24 16:45:00,439.3200,439.3200,439.0000,439.1200,907
2024-12-24 16:40:00,439.2000,439.3200,439.1200,439.1900,314
2024-12-24 16:35:00,439.1600,439.2250,439.1200,439.2000,192
2024-12-24 16:30:00,439.1550,439.2000,439.1100,439.1500,147
2024-12-24 16:25:00,439.1300,439.2000,439.1100,439.1100,209
2024-12-24 16:20:00,439.3300,439.3300,439.1100,439.1100,23633
2024-12-24 16:15:00,439.1300,439.1300,439.1100,439.1300,420
2024-12-24 16:10:00,439.1200,439.1800,439.1100,439.1200,272
2024-12-24 16:05:00,439.1800,439.1800,439.1100,439.1200,61
2024-12-24 16:00:00,439.1100,439.1800,439.1100,439.1500,87
2024-12-24 15:55:00,439.1450,439.1800,439.1100,439.1100,239
2024-12-24 15:50:00,439.1400,439.1800,439.1000,439.1400,69
2024-12-24 15:45:00,439.1900,439.1999,439.1000,439.1000,104
2024-12-24 15:40:00,439.1750,439.2000,439.1400,439.2000,352
2024-12-24 15:35:00,439.1800,439.2000,439.1512,439.1800,187
2024-12-24 15:30:00,439.1750,439.2000,439.1500,439.1500,159
2024-12-24 15:25:00,439.1150,439.2000,439.1150,439.1750,127
2024-12-24 15:20:00,439.1100,439.1900,439.0300,439.1150,235
2024-12-24 15:15:00,439.1100,439.5100,439.0300,439.1150,232
2024-12-24 15:10:00,439.1150,439.2000,439.0300,439.1200,304
2024-12-24 15:05:00,439.1150,439.2000,439.0300,439.1150,124
2024-12-24 15:00:00,439.0986,439.2000,439.0300,439.0301,657
2024-12-24 14:55:00,439.1300,439.2000,439.0600,439.0600,882
2024-12-24 14:50:00,439.1300,439.2000,439.0600,439.1300,385
2024-12-24 14:45:00,439.1987,439.2000,439.0501,439.0900,195
2024-12-24 14:40:00,439.0600,439.3600,439.0500,439.2000,83
2024-12-24 14:35:00,439.2050,439.3600,439.0500,439.2050,262
2024-12-24 14:30:00,439.2000,439.3900,439.0100,439.2000,845
2024-12-24 14:25:00,439.2000,439.3900,439.0100,439.0900,129
2024-12-24 14:20:00,439.2000,439.3900,439.0100,439.0900,702
2024-12-24 14:15:00,439.2000,439.3900,439.0100,439.2000,135
2024-12-24 14:10:00,439.2050,439.4000,439.0100,439.2000,196
2024-12-24 14:05:00,439.0400,439.4700,439.0100,439.0400,299
2024-12-24 14:00:00,439.3300,439.4800,439.0400,439.0400,1064
2024-12-24 13:55:00,439.4500,463.5117,412.6356,439.3227,1388
2024-12-24 13:50:00,439.3500,469.2531,411.2884,439.2500,51500
2024-12-24 13:45:00,439.3500,463.5117,412.6356,439.2700,8087
2024-12-24 13:40:00,439.3500,439.4900,439.1150,439.2650,351
2024-12-24 13:35:00,439.3300,439.5000,439.0400,439.4500,673
2024-12-24 13:30:00,439.3300,439.5000,439.0400,439.4800,1705
2024-12-24 13:25:00,439.4600,439.5500,439.0300,439.2950,3154
2024-12-24 13:20:00,439.4450,439.5500,439.1200,439.4600,399
2024-12-24 13:15:00,439.3300,439.7500,439.1500,439.5500,77402
2024-12-24 13:10:00,439.7750,439.8000,439.1200,439.5200,4643
2024-12-24 13:05:00,439.4900,439.8000,439.3300,439.7750,14461
2024-12-24 13:00:00,439.2400,439.5000,435.0800,435.0800,3685008
2024-12-24 12:55:00,439.2350,439.4800,438.6500,439.2400,569321
2024-12-24 12:50:00,438.5200,439.6000,438.5200,439.2500,191346
2024-12-24 12:45:00,438.2950,438.5100,438.1500,438.5000,136253
2024-12-24 12:40:00,438.6995,439.0200,438.3000,438.3000,204041
2024-12-24 12:35:00,438.2628,438.7600,438.1000,438.6800,108151
2024-12-24 12:30:00,438.4900,438.5900,438.2600,438.3250,102942
2024-12-24 12:25:00,438.1350,438.6500,438.1000,438.5200,87639
2024-12-24 12:20:00,438.2300,438.2808,437.9900,438.1600,65483
2024-12-24 12:15:00,438.4200,438.4300,438.1900,438.2956,70175
2024-12-24 12:10:00,438.0500,438.4400,438.0000,438.4400,76613
2024-12-24 12:05:00,437.8200,438.0899,437.7501,438.0152,58552
2024-12-24 12:00:00,437.5000,437.8700,437.4000,437.8599,58924
2024-12-24 11:55:00,437.7207,438.0000,437.5100,437.5100,51455
2024-12-24 11:50:00,438.1300,438.2000,437.4400,437.7008,78568
2024-12-24 11:45:00,438.0625,438.2300,437.8500,438.0750,62054
2024-12-24 11:40:00,437.7600,438.1000,437.7400,438.0400,70376
2024-12-24 11:35:00,437.8209,437.9900,437.6900,437.7500,58733
2024-12-24 11:30:00,437.4700,437.8700,437.3700,437.8400,58872
2024-12-24 11:25:00,437.8250,437.8800,437.5000,437.5300,55574
2024-12-24 11:20:00,437.9800,438.0950,437.6700,437.8800,82802
2024-12-24 11:15:00,437.9700,438.3500,437.9100,437.9150,70157
2024-12-24 11:10:00,437.8000,438.0000,437.6000,437.9200,58703
2024-12-24 11:05:00,437.9600,437.9600,437.2308,437.7600,70929
2024-12-24 11:00:00,438.1994,438.3300,437.8600,437.9050,58267
2024-12-24 10:55:00,437.9315,438.3599,437.9315,438.1800,61631
2024-12-24 10:50:00,438.5900,438.6700,437.9200,437.9600,88976
2024-12-24 10:45:00,438.3500,438.6200,438.1200,438.6100,92313
2024-12-24 10:40:00,438.1040,438.5200,438.1000,438.3606,86184
2024-12-24 10:35:00,437.7500,438.2800,437.6600,438.0700,116188
2024-12-24 10:30:00,437.2550,437.8000,437.1400,437.7350,137312
2024-12-24 10:25:00,437.1000,437.3600,437.0100,437.2700,107059
2024-12-24 10:20:00,436.8000,437.1000,436.6000,437.0600,80651
2024-12-24 10:15:00,437.1800,437.6100,436.7900,436.8150,148528
2024-12-24 10:10:00,436.7000,437.3700,436.5271,437.1400,183370
2024-12-24 10:05:00,436.2200,436.8199,435.9300,436.7000,153923
2024-12-24 10:00:00,436.1100,436.4100,435.8850,436.2627,165120
2024-12-24 09:55:00,435.9700,436.1955,435.6000,436.0900,107955
2024-12-24 09:50:00,436.0300,436.1300,435.7200,436.0400,88456
2024-12-24 09:45:00,435.6200,436.3000,435.5500,436.0900,134190
2024-12-24 09:40:00,435.7400,436.3500,435.4100,435.6750,126976
2024-12-24 09:35:00,434.7600,436.1200,434.6500,435.7450,175724
2024-12-24 09:30:00,434.6500,435.6000,434.1900,434.9500,404390
2024-12-24 09:25:00,434.7000,434.8500,433.9000,434.6800,8490
2024-12-24 09:20:00,434.7400,434.9400,434.4400,434.5200,1501
2024-12-24 09:15:00,434.9000,434.9900,434.4000,434.7400,2265
2024-12-24 09:10:00,434.9000,435.0600,434.8000,434.9100,4915
2024-12-24 09:05:00,434.7800,435.0000,434.7000,434.9000,2667
2024-12-24 09:00:00,434.7400,435.0000,434.5800,434.7900,2717
2024-12-24 08:55:00,434.7700,435.0000,434.1500,434.8900,5265
2024-12-24 08:50:00,434.7000,434.8000,434.5000,434.7700,467
2024-12-24 08:45:00,434.5700,434.8000,434.1500,434.7900,3207
2024-12-24 08:40:00,434.6200,435.2500,434.1500,434.4000,1677
2024-12-24 08:35:00,434.3350,448.5600,434.1000,434.6700,4214
2024-12-24 08:30:00,434.3500,434.5200,434.2600,434.3900,1677
2024-12-24 08:25:00,434.5000,434.5900,434.2600,434.3500,1440
2024-12-24 08:20:00,434.3500,434.5900,434.2000,434.4900,855
2024-12-24 08:15:00,434.3500,434.5900,434.2000,434.3500,924
2024-12-24 08:10:00,434.5900,435.2500,434.2000,434.3500,646
2024-12-24 08:05:00,434.2000,434.5900,434.2000,434.5900,1915
2024-12-24 08:00:00,435.1740,436.5988,433.5000,434.2500,9905
2024-12-24 07:55:00,434.3700,434.4200,434.2000,434.3100,114
2024-12-24 07:50:00,434.5000,434.5000,434.0900,434.3300,276
2024-12-24 07:45:00,434.5500,434.5500,434.4400,434.5100,278
2024-12-24 07:40:00,434.6000,434.7800,434.5000,434.5700,989
2024-12-24 07:35:00,434.6800,434.6800,434.3200,434.6000,224
2024-12-24 07:30:00,434.5900,434.7500,434.5100,434.6100,193
2024-12-24 07:25:00,434.6900,434.6900,434.5500,434.5500,594
2024-12-24 07:20:00,434.6700,434.8200,434.5000,434.6700,696
2024-12-24 07:15:00,434.5100,434.6200,434.4400,434.6100,410
2024-12-24 07:10:00,434.4000,434.6300,434.2100,434.6300,592
2024-12-24 07:05:00,434.5900,434.5900,434.3400,434.3800,239
2024-12-24 07:00:00,434.4800,434.5900,434.3400,434.5500,283
2024-12-24 06:55:00,434.4900,434.6400,434.3400,434.3400,286
2024-12-24 06:50:00,434.4500,434.5300,434.3900,434.3900,212
2024-12-24 06:45:00,434.6800,434.8900,434.4100,434.4100,791
2024-12-24 06:40:00,434.8700,434.8700,434.6400,434.6600,592
2024-12-24 06:35:00,434.8800,434.9000,434.7300,434.8500,262
2024-12-24 06:30:00,434.7800,434.8900,434.7000,434.8800,189
2024-12-24 06:25:00,434.7100,434.9000,434.7000,434.8800,246
2024-12-24 06:20:00,434.8400,434.8400,434.6600,434.7000,543
2024-12-24 06:15:00,434.8800,434.9000,434.7500,434.8900,89
2024-12-24 06:10:00,434.9000,434.9400,434.8100,434.8800,91
2024-12-24 06:05:00,434.9100,434.9800,434.7900,434.9000,461
2024-12-24 06:00:00,434.9900,435.0000,434.9000,434.9000,513
2024-12-24 05:55:00,434.9900,435.0000,434.9200,435.0000,203
2024-12-24 05:50:00,434.7300,435.0000,434.7300,435.0000,1300
2024-12-24 05:45:00,434.6100,434.8300,434.5900,434.8300,447
2024-12-24 05:40:00,434.6500,434.7000,434.5500,434.6300,163
2024-12-24 05:35:00,434.5300,434.6800,434.5200,434.5800,209
2024-12-24 05:30:00,434.5600,434.7100,434.5000,434.6700,408
2024-12-24 05:25:00,434.8200,434.8500,434.5700,434.5700,361
2024-12-24 05:20:00,434.7700,434.8300,434.7000,434.8200,210
2024-12-24 05:15:00,434.7000,434.8200,434.7000,434.7000,39
2024-12-24 05:10:00,434.9200,434.9200,434.7000,434.8300,201
2024-12-24 05:05:00,435.0400,435.1800,434.8000,434.9200,768
2024-12-24 05:00:00,435.1200,435.1200,435.0000,435.1000,362
2024-12-24 04:55:00,435.0000,435.1800,434.8000,435.1200,1566
2024-12-24 04:50:00,434.9500,435.1600,434.9100,434.9900,576
2024-12-24 04:45:00,434.9700,435.1800,434.9700,435.0000,1357
2024-12-24 04:40:00,434.8000,434.9900,434.8000,434.9300,526
2024-12-24 04:35:00,434.5600,434.7900,434.5600,434.7900,322
2024-12-24 04:30:00,434.6800,434.8000,434.3300,434.8000,1167
2024-12-24 04:25:00,434.7100,434.7900,434.5800,434.7000,312
2024-12-24 04:20:00,434.4600,434.7400,434.4000,434.7000,1021
2024-12-24 04:15:00,434.4500,434.5700,434.0100,434.4500,551
2024-12-24 04:10:00,434.7300,434.7900,434.3900,434.4000,1814
2024-12-24 04:05:00,434.7100,434.8000,434.6000,434.7300,482
2024-12-24 04:00:00,434.6900,436.1900,433.6000,434.7100,1395
2024-12-23 19:55:00,433.5300,433.8315,433.5000,433.7000,2720
2024-12-23 19:50:00,433.4050,433.5600,433.3800,433.5500,855
2024-12-23 19:45:00,433.8200,433.8200,433.2850,433.5525,1070
2024-12-23 19:40:00,433.2500,433.5350,433.2000,433.5350,806
2024-12-23 19:35:00,433.1550,433.3000,433.0100,433.2250,639
2024-12-23 19:30:00,433.0500,433.3000,433.0000,433.2500,594
2024-12-23 19:25:00,433.1500,433.2300,433.0000,433.1300,1864
2024-12-23 19:20:00,433.1700,433.2600,433.1200,433.1500,1614
2024-12-23 19:15:00,433.1600,433.2600,433.1200,433.1450,1410
2024-12-23 19:10:00,433.2200,433.4000,433.1200,433.1997,760
2024-12-23 19:05:00,433.2000,433.4000,433.0000,433.2300,1022
2024-12-23 19:00:00,433.3300,433.5200,433.1200,433.1850,1461
2024-12-23 18:55:00,433.3000,433.5200,433.2050,433.3800,1413
2024-12-23 18:50:00,433.3000,433.6600,433.1200,433.3800,1232
2024-12-23 18:45:00,433.4100,433.6500,433.1200,433.3000,1145
2024-12-23 18:40:00,433.3999,433.6900,433.1300,433.1300,904
2024-12-23 18:35:00,433.1162,433.7500,433.1100,433.4000,1059
2024-12-23 18:30:00,433.6800,433.7229,433.1500,433.4700,1915
2024-12-23 18:25:00,433.6800,433.9700,433.3700,433.5600,323
2024-12-23 18:20:00,433.3550,434.0000,433.3550,433.4800,460
2024-12-23 18:15:00,433.2700,433.3900,433.1000,433.2500,2223
2024-12-23 18:10:00,433.2000,433.3900,433.1500,433.2700,1172
2024-12-23 18:05:00,433.4000,433.6000,433.1500,433.2500,1550
2024-12-23 18:00:00,433.2900,433.6000,433.2400,433.4000,1441
2024-12-23 17:55:00,433.2893,433.2900,433.1800,433.1800,335
2024-12-23 17:50:00,433.3200,433.3200,433.1835,433.2350,242
2024-12-23 17:45:00,433.2250,433.6000,433.1800,433.2500,872
2024-12-23 17:40:00,433.2400,433.3000,433.1500,433.2250,1380
2024-12-23 17:35:00,433.3000,433.3000,433.1700,433.2100,1849
2024-12-23 17:30:00,433.2600,433.3000,433.2000,433.3000,1243
2024-12-23 17:25:00,433.2900,435.2500,433.2000,433.3000,13923
2024-12-23 17:20:00,433.2100,433.3000,433.1200,433.2975,783
2024-12-23 17:15:00,433.5450,433.6000,433.2100,433.2800,3787
2024-12-23 17:10:00,433.4502,433.6000,433.4502,433.6000,1703
2024-12-23 17:05:00,433.4500,433.6000,433.4500,433.6000,1409
2024-12-23 17:00:00,433.4400,442.9153,413.4960,433.4512,7507
2024-12-23 16:55:00,433.2850,458.0015,409.2750,433.4400,24762
2024-12-23 16:50:00,433.3600,433.5400,409.2750,433.2850,955
2024-12-23 16:45:00,433.2050,435.2500,409.9936,433.5400,1202680
2024-12-23 16:40:00,433.3800,435.2500,433.1000,433.2400,1047648
2024-12-23 16:35:00,433.4350,435.2500,433.2500,433.3800,19973
2024-12-23 16:30:00,433.3300,433.5400,433.3000,433.4350,1760
2024-12-23 16:25:00,433.4650,435.2500,433.1950,433.3000,586432
2024-12-23 16:20:00,433.5500,433.7000,433.4000,433.4650,5497
2024-12-23 16:15:00,435.2500,435.2500,433.4000,433.6250,5025
2024-12-23 16:10:00,433.8550,435.2500,433.7000,433.7100,42359
2024-12-23 16:05:00,433.7800,443.3300,433.6000,433.8550,19482
2024-12-23 16:00:00,435.2100,435.2600,433.2500,433.8250,9400842
2024-12-23 15:55:00,434.9000,436.3100,434.7300,435.2200,1111883
2024-12-23 15:50:00,434.5900,435.0600,434.0050,434.9246,361571
2024-12-23 15:45:00,434.7100,435.0900,434.2700,434.5900,131812
2024-12-23 15:40:00,434.2400,434.7500,434.1200,434.6800,118660
2024-12-23 15:35:00,434.2762,434.5200,434.0713,434.2000,84161
2024-12-23 15:30:00,434.1500,434.4500,434.1075,434.2875,89643
2024-12-23 15:25:00,433.7900,434.1999,433.7400,434.1275,99613
2024-12-23 15:20:00,434.1050,434.2700,433.7200,433.7900,120570
2024-12-23 15:15:00,434.4900,434.5800,434.0001,434.1200,107376
2024-12-23 15:10:00,434.0475,434.4800,433.6500,434.4800,98452
2024-12-23 15:05:00,434.6000,434.7134,433.9000,434.0900,90339
2024-12-23 15:00:00,434.5900,434.8299,434.4000,434.6750,75550
2024-12-23 14:55:00,434.6750,434.9000,434.5100,434.5750,78649
2024-12-23 14:50:00,435.1050,435.3100,434.6100,434.6300,89186
2024-12-23 14:45:00,435.0500,435.5400,434.9001,435.1200,77902
2024-12-23 14:40:00,435.1603,435.4800,434.8801,434.9900,129115
2024-12-23 14:35:00,435.9101,435.9800,435.1800,435.1800,65558
2024-12-23 14:30:00,435.6800,436.1496,435.6800,435.9400,67451
2024-12-23 14:25:00,436.0300,436.0787,435.5700,435.7300,51169
2024-12-23 14:20:00,436.0050,436.1300,435.9200,436.0600,59210
2024-12-23 14:15:00,435.8700,436.3199,435.7700,435.9650,65777
2024-12-23 14:10:00,435.8550,435.9500,435.7700,435.8700,46218
2024-12-23 14:05:00,435.6800,435.9300,435.5500,435.8100,42295
2024-12-23 14:00:00,435.6650,435.9200,435.5600,435.6950,57021
2024-12-23 13:55:00,435.1750,435.7499,435.1500,435.6399,78126
2024-12-23 13:50:00,435.4800,435.6350,435.1885,435.2000,62848
2024-12-23 13:45:00,435.9839,436.0897,435.4210,435.5250,125483
2024-12-23 13:40:00,436.1800,436.4600,435.8300,435.9650,76871
2024-12-23 13:35:00,436.0900,436.1854,435.6500,436.1320,73600
2024-12-23 13:30:00,435.2550,436.0550,435.2550,436.0550,84096
2024-12-23 13:25:00,434.9900,435.3800,434.9900,435.2850,100611
2024-12-23 13:20:00,434.8900,435.1784,434.7500,434.9650,118346
2024-12-23 13:15:00,434.7100,435.1000,434.4200,434.8550,110730
2024-12-23 13:10:00,434.8200,434.9200,434.6100,434.7200,81704
2024-12-23 13:05:00,434.5950,435.0500,434.4600,434.7650,96157
2024-12-23 13:00:00,434.3100,434.6171,434.2000,434.5950,82973
2024-12-23 12:55:00,434.6800,434.7900,434.2600,434.2600,62220
2024-12-23 12:50:00,434.8300,434.8700,434.5201,434.5800,63283
2024-12-23 12:45:00,434.6000,434.8700,434.5800,434.8300,84314
2024-12-23 12:40:00,434.5875,434.8100,434.2700,434.5850,86485
2024-12-23 12:35:00,434.6000,434.6600,433.8800,434.5800,91382
2024-12-23 12:30:00,434.0400,434.6800,433.9800,434.6800,73357
2024-12-23 12:25:00,433.6900,434.1600,433.6300,433.9800,89293
2024-12-23 12:20:00,433.8800,434.1600,433.6300,433.6300,80730
2024-12-23 12:15:00,434.1000,434.1150,433.6000,433.9200,115509
2024-12-23 12:10:00,434.3450,434.8000,434.0900,434.1393,497240
2024-12-23 12:05:00,434.3800,434.4600,434.0500,434.2600,138962
2024-12-23 12:00:00,434.0900,434.9300,434.0900,434.3700,116010
2024-12-23 11:55:00,434.2000,434.3800,434.0300,434.1299,71230
2024-12-23 11:50:00,433.7600,434.3500,433.7600,434.0700,105129
2024-12-23 11:45:00,434.2900,434.6500,433.7100,433.9100,122177
2024-12-23 11:40:00,433.2800,434.4009,433.2800,434.3000,139109
2024-12-23 11:35:00,433.2500,433.7000,433.2000,433.3200,97616
2024-12-23 11:30:00,433.6800,433.7000,432.8300,433.2500,147646
2024-12-23 11:25:00,433.6500,433.9600,433.6000,433.7000,108183
2024-12-23 11:20:00,434.1000,434.2500,433.6000,433.6000,102000
2024-12-23 11:15:00,433.6900,434.1699,433.6600,434.1000,115922
2024-12-23 11:10:00,434.1100,434.2800,433.5400,433.6860,96719
2024-12-23 11:05:00,434.2900,434.5000,434.0000,434.0550,127791
2024-12-23 11:00:00,433.2450,434.3100,433.1200,434.2900,107253
2024-12-23 10:55:00,433.6550,434.2800,432.9100,433.3000,140192
2024-12-23 10:50:00,434.1000,434.2300,433.5700,433.6100,100634
2024-12-23 10:45:00,434.1101,434.6696,434.0100,434.1050,78058
2024-12-23 10:40:00,434.4500,434.5657,434.0000,434.1600,74253
2024-12-23 10:35:00,434.1800,434.6200,433.6550,434.4450,98728
2024-12-23 10:30:00,433.7800,434.4131,433.6500,434.1650,131638
2024-12-23 10:25:00,434.3100,434.4000,433.5401,433.7000,111480
2024-12-23 10:20:00,434.3400,435.2600,433.6500,434.3150,216992
2024-12-23 10:15:00,435.0900,435.4400,434.0900,434.1700,97642
2024-12-23 10:10:00,434.4776,435.4400,433.6000,435.0800,168899
2024-12-23 10:05:00,435.6600,435.9500,434.3750,434.6200,132046
2024-12-23 10:00:00,436.0900,436.4200,435.3700,435.7400,192312
2024-12-23 09:55:00,435.6583,436.7900,435.3900,436.0900,199559
2024-12-23 09:50:00,435.1100,435.8200,434.6599,435.5900,132011
2024-12-23 09:45:00,435.8900,436.4000,434.8700,435.1450,160010
2024-12-23 09:40:00,437.3800,437.6500,435.7200,435.8950,148662
2024-12-23 09:35:00,436.6100,437.4699,436.0000,437.3400,232698
2024-12-23 09:30:00,436.7400,437.5000,435.5500,436.7300,573628
2024-12-23 09:25:00,436.1100,436.7400,436.0000,436.5000,3546
2024-12-23 09:20:00,436.4000,436.4300,436.0000,436.1500,4439
2024-12-23 09:15:00,436.3000,436.6000,436.0800,436.3450,2524
2024-12-23 09:10:00,436.1800,436.6000,436.0500,436.2600,4948
2024-12-23 09:05:00,436.3000,436.6000,436.0200,436.2600,10240
2024-12-23 09:00:00,436.1100,436.5000,436.0000,436.5000,2255
2024-12-23 08:55:00,436.1300,436.4500,436.0000,436.1300,1929
2024-12-23 08:50:00,436.3050,436.5000,436.1100,436.2900,1695
2024-12-23 08:45:00,436.3600,436.7600,436.1100,436.3050,3261
2024-12-23 08:40:00,436.3000,436.4800,436.0000,436.2500,13863
2024-12-23 08:35:00,436.4600,436.7011,436.1200,436.1200,7109
2024-12-23 08:30:00,437.1500,441.1000,429.9000,436.4700,3479
2024-12-23 08:25:00,437.1900,437.4100,437.0100,437.3400,1148
2024-12-23 08:20:00,436.9200,437.1900,436.8000,437.1800,1823
2024-12-23 08:15:00,436.6000,437.1600,436.5500,436.9200,2639
2024-12-23 08:10:00,436.5700,436.8000,436.5000,436.6400,945
2024-12-23 08:05:00,436.5950,436.8000,436.5000,436.5600,4966
2024-12-23 08:00:00,436.5600,439.9900,435.5090,436.5200,19568
2024-12-23 07:55:00,437.1700,437.1800,436.9600,437.1200,1317
2024-12-23 07:50:00,437.1400,437.1900,437.0300,437.1800,1723
2024-12-23 07:45:00,436.9700,437.1900,436.9500,437.1100,2576
2024-12-23 07:40:00,437.0400,437.0900,436.9500,436.9900,2213
2024-12-23 07:35:00,436.9000,437.0600,436.7500,437.0600,1776
2024-12-23 07:30:00,437.2200,437.2200,436.6800,436.9600,534
2024-12-23 07:25:00,437.5100,437.7000,436.9400,437.1200,2335
2024-12-23 07:20:00,436.8000,437.6300,436.7000,437.5100,2416
2024-12-23 07:15:00,436.8000,436.8000,436.5900,436.8000,397
2024-12-23 07:10:00,436.7900,436.8000,436.3400,436.8000,2765
2024-12-23 07:05:00,436.8900,436.9000,436.4300,436.7600,2557
2024-12-23 07:00:00,436.2400,437.1800,435.9800,436.8900,7038
2024-12-23 06:55:00,435.9400,436.2600,435.8100,436.2100,1154
2024-12-23 06:50:00,436.0000,436.2200,435.8800,435.9200,523
2024-12-23 06:45:00,436.3200,436.3200,435.8300,436.0200,1397
2024-12-23 06:40:00,436.3900,436.3900,436.1900,436.2300,197
2024-12-23 06:35:00,436.1900,436.3900,436.1200,436.3600,405
2024-12-23 06:30:00,436.3600,436.4900,436.1300,436.1500,367
2024-12-23 06:25:00,436.1600,436.4600,436.0700,436.1300,316
2024-12-23 06:20:00,436.3400,436.3900,436.0300,436.1600,371
2024-12-23 06:15:00,436.2400,436.3600,436.1900,436.3500,146
2024-12-23 06:10:00,436.1500,436.3700,436.0400,436.3500,661
2024-12-23 06:05:00,436.3200,436.3200,436.0000,436.1400,1234
2024-12-23 06:00:00,437.0000,437.0000,436.2100,436.2100,1727
2024-12-23 05:55:00,436.9000,437.0000,436.7000,436.9600,1106
2024-12-23 05:50:00,436.9200,436.9900,436.6100,436.7400,381
2024-12-23 05:45:00,436.8800,437.1900,436.6800,436.9100,1020
2024-12-23 05:40:00,437.0200,437.2200,436.8400,436.8800,943
2024-12-23 05:35:00,437.1900,437.1900,436.7800,437.0100,362
2024-12-23 05:30:00,437.2900,437.2900,436.6000,437.1400,2366
2024-12-23 05:25:00,437.3700,437.5700,437.0100,437.3900,1613
2024-12-23 05:20:00,437.7400,437.7800,437.3000,437.3500,774
2024-12-23 05:15:00,437.8200,437.8700,437.7000,437.8600,568
2024-12-23 05:10:00,437.9000,437.9900,437.8100,437.8100,324
2024-12-23 05:05:00,437.9200,438.0000,437.8700,437.9200,280
2024-12-23 05:00:00,437.8500,437.9300,437.8300,437.9200,144
2024-12-23 04:55:00,437.9700,437.9800,437.6500,437.8500,242
2024-12-23 04:50:00,438.1600,438.1600,437.8000,437.9500,216
2024-12-23 04:45:00,438.0300,438.1700,437.8500,438.1700,518
2024-12-23 04:40:00,438.0100,438.1700,437.8000,438.0000,1215
2024-12-23 04:35:00,437.8400,438.2900,437.8000,437.9900,2003
2024-12-23 04:30:00,437.5500,438.1400,437.5000,437.7300,1168
2024-12-23 04:25:00,437.6000,437.7500,437.3100,437.7100,859
2024-12-23 04:20:00,437.6100,437.7500,437.3200,437.5500,694
2024-12-23 04:15:00,437.7000,437.8200,437.3100,437.6800,1216
2024-12-23 04:10:00,437.6900,437.9500,437.4300,437.7200,2082
2024-12-23 04:05:00,437.8200,438.0000,437.5300,437.8200,2612
2024-12-23 04:00:00,439.6000,439.8000,437.3500,438.0000,2052
2024-12-20 19:55:00,437.2400,437.3500,437.1000,437.3500,1467
2024-12-20 19:50:00,436.6000,437.3500,436.6000,437.1100,9049
2024-12-20 19:45:00,437.0300,437.2800,436.7100,437.0450,153
2024-12-20 19:40:00,436.8500,437.3500,436.8300,437.0300,1670
2024-12-20 19:35:00,436.8550,437.0000,436.6000,436.8550,1039
2024-12-20 19:30:00,436.8800,437.0700,436.7100,436.8550,267
2024-12-20 19:25:00,437.2500,437.3420,436.7100,436.9500,829
2024-12-20 19:20:00,437.0800,437.3500,437.0800,437.2100,416
2024-12-20 19:15:00,437.0000,437.3500,436.7100,437.1082,1390
2024-12-20 19:10:00,437.0100,437.3500,437.0000,437.0000,826
2024-12-20 19:05:00,437.0000,437.1750,436.9500,437.1000,1530
2024-12-20 19:00:00,437.0000,437.2900,436.9500,437.0000,841
2024-12-20 18:55:00,437.2000,437.5200,436.9500,437.0492,360
2024-12-20 18:50:00,436.9850,437.5200,436.7100,437.2000,1162
2024-12-20 18:45:00,436.9300,437.5200,436.9200,436.9850,719
2024-12-20 18:40:00,437.2200,437.5000,436.9200,436.9200,514
2024-12-20 18:35:00,436.9000,437.2200,436.9000,437.2200,709
2024-12-20 18:30:00,437.0500,437.1700,436.6000,436.9000,2008
2024-12-20 18:25:00,437.4530,437.5000,436.8100,437.0500,1837
2024-12-20 18:20:00,437.3500,437.3500,437.0600,437.2600,593
2024-12-20 18:15:00,437.4100,437.4500,437.0000,437.2000,317
2024-12-20 18:10:00,437.0500,437.5000,437.0000,437.2250,1761
2024-12-20 18:05:00,437.1700,437.2000,437.0000,437.0500,602
2024-12-20 18:00:00,436.7900,437.3900,436.7000,437.3400,2303
2024-12-20 17:55:00,436.0050,436.8900,435.9950,436.7000,1035
2024-12-20 17:50:00,436.1500,436.6000,435.8000,436.1800,9033856
2024-12-20 17:45:00,436.0000,436.1500,435.8000,436.1494,2242
2024-12-20 17:40:00,436.6000,436.6000,435.6000,435.9450,434615
2024-12-20 17:35:00,435.9500,436.2000,435.3300,435.7650,807
2024-12-20 17:30:00,436.0000,436.3800,435.7125,436.0000,787
2024-12-20 17:25:00,435.5000,436.0000,435.4135,435.8000,1142
2024-12-20 17:20:00,435.3400,436.6000,435.1000,435.4900,532366
2024-12-20 17:15:00,435.9400,435.9400,409.7972,435.3000,3133
2024-12-20 17:10:00,435.8900,436.6000,409.7972,424.0230,19724
2024-12-20 17:05:00,435.7550,436.0000,417.4114,435.8000,333
2024-12-20 17:00:00,435.5600,436.0200,408.8500,435.9200,3423
2024-12-20 16:55:00,435.6000,435.9900,435.5100,435.7200,1252
2024-12-20 16:50:00,435.5000,435.9800,435.5000,435.6100,616
2024-12-20 16:45:00,435.8600,435.9788,435.5000,435.5800,4687
2024-12-20 16:40:00,435.7900,435.9900,435.6000,435.8500,1902
2024-12-20 16:35:00,435.5900,436.6000,435.2600,435.7900,38178
2024-12-20 16:30:00,435.8499,436.6000,435.1000,435.5900,10758
2024-12-20 16:25:00,436.1000,436.3450,435.8000,435.8400,13009
2024-12-20 16:20:00,436.6000,436.6000,435.8000,436.1450,50755
2024-12-20 16:15:00,435.9000,437.1286,435.8000,435.9900,31097
2024-12-20 16:10:00,436.0500,436.7092,417.9650,435.8200,3038113
2024-12-20 16:05:00,437.7500,437.8000,436.0000,436.6000,4511305
2024-12-20 16:00:00,437.0100,438.1800,435.7500,437.6700,39565847
2024-12-20 15:55:00,435.9600,437.1900,435.2200,436.9700,1210432
2024-12-20 15:50:00,437.0300,437.0600,434.8400,436.0200,822192
2024-12-20 15:45:00,436.1800,437.9050,436.1350,437.1800,228418
2024-12-20 15:40:00,436.1000,436.6500,435.7400,436.2500,186698
2024-12-20 15:35:00,435.4600,436.2900,435.4100,436.0900,180962
2024-12-20 15:30:00,436.8350,437.0000,435.0101,435.4400,287815
2024-12-20 15:25:00,436.6500,436.9699,436.2900,436.8400,148395
2024-12-20 15:20:00,437.0800,437.3388,436.6500,436.6500,238551
2024-12-20 15:15:00,437.1300,437.3400,437.0200,437.1150,155623
2024-12-20 15:10:00,436.9350,437.5100,436.8400,437.1550,145644
2024-12-20 15:05:00,437.4800,437.8600,436.9000,436.9000,194828
2024-12-20 15:00:00,437.9950,438.1300,437.4500,437.4524,152482
2024-12-20 14:55:00,438.1470,438.3500,437.9500,437.9500,126437
2024-12-20 14:50:00,438.5200,438.7345,437.7700,438.2300,157269
2024-12-20 14:45:00,438.9700,439.0200,438.3801,438.4950,94198
2024-12-20 14:40:00,439.5450,439.5600,438.9000,438.9350,138650
2024-12-20 14:35:00,439.8600,440.1200,439.5000,439.5450,116078
2024-12-20 14:30:00,439.4300,440.0502,439.4300,439.8600,120783
2024-12-20 14:25:00,438.8700,439.4600,438.8700,439.4150,352208
2024-12-20 14:20:00,438.5700,438.9453,438.4000,438.9200,109782
2024-12-20 14:15:00,438.4550,438.6500,438.2200,438.5850,103349
2024-12-20 14:10:00,439.0300,439.1200,438.2200,438.4500,145141
2024-12-20 14:05:00,439.0050,439.4700,438.6136,439.0300,184841
2024-12-20 14:00:00,439.1905,439.5000,438.8000,439.0300,132540
2024-12-20 13:55:00,440.0700,440.2800,439.1806,439.2100,138611
2024-12-20 13:50:00,439.3000,440.0800,439.0800,440.0800,180292
2024-12-20 13:45:00,439.3344,439.6600,439.2000,439.2400,84811
2024-12-20 13:40:00,439.5650,439.7400,439.2900,439.3850,100054
2024-12-20 13:35:00,439.3950,440.0000,439.2400,439.6000,130800
2024-12-20 13:30:00,439.5500,439.7200,439.1501,439.3600,206894
2024-12-20 13:25:00,440.2150,440.3850,439.4800,439.5600,183710
2024-12-20 13:20:00,440.5900,440.5900,439.6800,440.2200,153681
2024-12-20 13:15:00,440.9450,441.0800,440.0801,440.6799,202617
2024-12-20 13:10:00,440.9800,441.1200,440.7050,440.9450,109980
2024-12-20 13:05:00,441.2050,441.3700,440.8400,440.9750,164364
2024-12-20 13:00:00,441.5200,441.9100,441.1600,441.2300,135315
2024-12-20 12:55:00,442.2100,442.4100,441.5100,441.5322,296215
2024-12-20 12:50:00,442.4500,442.5600,442.0200,442.2300,99998
2024-12-20 12:45:00,442.0100,442.4700,441.9000,442.4200,362806
2024-12-20 12:40:00,442.5250,442.6887,441.8971,442.0500,113974
2024-12-20 12:35:00,442.4600,442.6900,442.3000,442.5200,148195
2024-12-20 12:30:00,443.3900,443.4650,442.1003,442.4300,151772
2024-12-20 12:25:00,443.0150,443.7400,442.8600,443.3500,230639
2024-12-20 12:20:00,442.4300,443.0300,442.2600,443.0150,159243
2024-12-20 12:15:00,442.4400,442.7000,442.0751,442.4500,119715
2024-12-20 12:10:00,442.4500,443.1198,442.1000,442.4400,217891
2024-12-20 12:05:00,442.0219,442.5594,441.8500,442.4400,170332
2024-12-20 12:00:00,442.0900,442.4299,441.6601,442.0400,110705
2024-12-20 11:55:00,441.2200,442.4391,441.2100,442.0300,135552
2024-12-20 11:50:00,441.8850,442.2200,440.8800,441.2200,210477
2024-12-20 11:45:00,442.4450,442.4550,441.5300,441.8050,219358
2024-12-20 11:40:00,442.2300,442.9400,441.9000,442.4736,252390
2024-12-20 11:35:00,440.6650,442.3300,440.5500,442.2528,211776
2024-12-20 11:30:00,440.2100,440.7100,440.1400,440.6650,197112
2024-12-20 11:25:00,439.7150,440.3300,439.5600,440.2500,152666
2024-12-20 11:20:00,439.2850,439.8800,439.0600,439.6500,257765
2024-12-20 11:15:00,438.7900,439.6700,438.5150,439.3200,210392
2024-12-20 11:10:00,438.1500,438.8499,438.1050,438.8499,140996
2024-12-20 11:05:00,437.7200,438.3300,437.4801,438.1300,165611
2024-12-20 11:00:00,436.0400,437.7050,435.9353,437.6550,163029
2024-12-20 10:55:00,436.3150,436.7500,435.6436,436.0400,161092
2024-12-20 10:50:00,435.9200,436.9500,435.9000,436.3200,159510
2024-12-20 10:45:00,435.8200,436.2900,435.1100,435.8850,310540
2024-12-20 10:40:00,434.9800,436.1289,434.7700,435.8800,236228
2024-12-20 10:35:00,434.6850,435.3900,434.0300,435.0600,275478
2024-12-20 10:30:00,434.2900,435.4700,434.2900,434.6400,210571
2024-12-20 10:25:00,433.0150,434.4200,432.8601,434.3150,229037
2024-12-20 10:20:00,432.2150,433.1900,432.0500,433.0268,210878
2024-12-20 10:15:00,431.7550,432.5596,431.4183,432.2400,202100
2024-12-20 10:10:00,429.7500,432.0600,429.5100,431.7550,237924
2024-12-20 10:05:00,431.4000,431.5600,429.7300,429.7300,267533
2024-12-20 10:00:00,429.3000,431.4500,429.2400,431.4000,254687
2024-12-20 09:55:00,430.2600,430.4300,428.9400,429.1100,234956
2024-12-20 09:50:00,429.9950,430.5700,429.3700,430.2600,236166
2024-12-20 09:45:00,429.9200,431.0600,429.6600,429.9900,307392
2024-12-20 09:40:00,431.8500,431.9100,429.7500,429.9400,271555
2024-12-20 09:35:00,429.8100,432.0500,428.6300,431.8850,1108562
2024-12-20 09:30:00,433.1100,433.2050,429.3200,429.7800,7108160
2024-12-20 09:25:00,433.5000,434.8000,432.0000,432.6700,41365
2024-12-20 09:20:00,433.3000,434.0000,433.3000,433.4000,5650
2024-12-20 09:15:00,433.6100,433.8600,433.0600,433.3000,6880
2024-12-20 09:10:00,433.5100,433.9300,433.0600,433.6000,4871
2024-12-20 09:05:00,433.5450,442.3800,433.2500,433.6750,2612
2024-12-20 09:00:00,433.3000,433.9000,433.0900,433.9000,8122
2024-12-20 08:55:00,433.3700,434.0000,433.1001,433.1200,5000
2024-12-20 08:50:00,433.3500,433.9300,433.0000,433.6545,6773
2024-12-20 08:45:00,433.2550,433.7600,433.1000,433.2800,6408
2024-12-20 08:40:00,432.7900,433.4500,432.1700,433.4000,11140
2024-12-20 08:35:00,434.2400,434.6000,432.5000,432.6000,14916
2024-12-20 08:30:00,432.6300,434.9900,432.5000,433.7500,19479
2024-12-20 08:25:00,432.6000,432.7000,432.5050,432.6300,4032
2024-12-20 08:20:00,432.6900,432.7000,432.2500,432.6000,3923
2024-12-20 08:15:00,432.4600,432.8700,432.2500,432.6850,4137
2024-12-20 08:10:00,432.4400,435.9380,432.1700,432.4550,4638
2024-12-20 08:05:00,432.5000,432.7000,432.1700,432.3600,2975
2024-12-20 08:00:00,431.5500,437.0300,430.7041,432.5000,27749
2024-12-20 07:55:00,432.2900,432.5800,432.1600,432.2200,915
2024-12-20 07:50:00,432.1400,432.3700,431.5700,432.1400,6547
2024-12-20 07:45:00,432.0500,432.6500,431.9200,432.1400,2432
2024-12-20 07:40:00,431.5000,432.1200,431.3500,432.1000,16670
2024-12-20 07:35:00,431.8500,432.0000,431.5000,431.5000,7801
2024-12-20 07:30:00,431.3900,431.9400,431.3100,431.8100,4838
2024-12-20 07:25:00,431.3800,431.5100,431.3600,431.4500,5292
2024-12-20 07:20:00,431.7200,431.8600,431.3500,431.5200,6006
2024-12-20 07:15:00,431.7100,432.2000,431.6100,431.7100,4169
2024-12-20 07:10:00,431.6400,431.8800,431.6100,431.7700,3052
2024-12-20 07:05:00,431.5100,432.2600,431.5100,431.6400,5818
2024-12-20 07:00:00,431.5600,432.3000,431.5000,431.7500,11957
2024-12-20 06:55:00,431.5300,431.7000,431.2900,431.5200,2471
2024-12-20 06:50:00,431.2000,431.6400,431.0000,431.5200,2976
2024-12-20 06:45:00,431.1000,431.3700,431.1000,431.2100,3315
2024-12-20 06:40:00,431.2000,431.2700,431.1000,431.1000,946
2024-12-20 06:35:00,431.1000,431.2000,431.1000,431.1900,1508
2024-12-20 06:30:00,431.2400,431.2900,431.1000,431.1000,1044
2024-12-20 06:25:00,431.1200,431.2700,431.1000,431.1900,1395
2024-12-20 06:20:00,431.1600,431.3800,431.1000,431.1000,1546
2024-12-20 06:15:00,431.2100,431.5500,431.1600,431.1800,1515
2024-12-20 06:10:00,431.3000,431.3900,430.7800,431.3800,1967
2024-12-20 06:05:00,431.0300,431.4700,431.0000,431.4200,3161
2024-12-20 06:00:00,431.1000,431.3400,431.0000,431.0000,3670
2024-12-20 05:55:00,431.6400,431.7600,431.1000,431.1000,3232
2024-12-20 05:50:00,431.6100,431.7100,431.5600,431.7100,2002
2024-12-20 05:45:00,431.5800,431.9000,431.5000,431.6200,2992
2024-12-20 05:40:00,431.6600,431.7600,431.5100,431.5500,1721
2024-12-20 05:35:00,431.7800,431.9700,431.6000,431.7000,2321
2024-12-20 05:30:00,431.7200,431.8500,431.6100,431.7700,1941
2024-12-20 05:25:00,431.5900,431.8300,431.3100,431.7400,2142
2024-12-20 05:20:00,431.7500,431.8400,431.5500,431.6200,1194
2024-12-20 05:15:00,431.7000,431.9100,431.3100,431.5600,4249
2024-12-20 05:10:00,432.1000,432.2000,431.6000,431.7500,1927
2024-12-20 05:05:00,432.2200,432.3600,432.0000,432.0600,740
2024-12-20 05:00:00,431.8400,432.6100,431.8100,432.2900,4158
2024-12-20 04:55:00,431.5600,432.0800,431.5600,431.6800,1842
2024-12-20 04:50:00,431.5000,432.2000,431.5000,431.7000,4069
2024-12-20 04:45:00,431.6400,431.9500,431.5000,431.5100,4437
2024-12-20 04:40:00,431.6700,431.9200,431.6100,431.6400,4080
2024-12-20 04:35:00,432.1100,432.2400,431.6100,431.6700,2279
2024-12-20 04:30:00,431.8800,432.3200,431.5600,432.2000,3691
2024-12-20 04:25:00,431.8700,432.0900,431.5500,431.8300,1493
2024-12-20 04:20:00,431.9700,432.3700,431.5500,431.9100,2217
2024-12-20 04:15:00,431.3600,432.4200,431.3300,431.9400,4901
2024-12-20 04:10:00,431.0000,431.8100,430.8700,431.2100,3534
2024-12-20 04:05:00,432.1600,432.5000,430.5300,430.7800,7830
2024-12-20 04:00:00,434.3000,435.0100,431.5600,432.1000,8417
2024-12-19 19:55:00,435.7200,436.1600,435.2500,435.5250,1380
2024-12-19 19:50:00,435.8300,436.1600,435.2500,435.6850,690
2024-12-19 19:45:00,435.7268,436.1600,435.5000,435.8300,507
2024-12-19 19:40:00,436.2500,436.5000,435.9150,436.1300,2204
2024-12-19 19:35:00,436.5000,436.5000,435.9901,436.4900,784
2024-12-19 19:30:00,436.1350,437.2500,435.9900,436.2450,333762
2024-12-19 19:25:00,435.9900,437.2500,435.9900,436.2800,1634
2024-12-19 19:20:00,435.7400,437.2500,435.7400,436.5000,679
2024-12-19 19:15:00,436.9750,437.1700,435.5000,435.9700,2541
2024-12-19 19:10:00,437.5500,437.7500,436.2000,437.7488,663
2024-12-19 19:05:00,437.5000,438.0000,436.7600,436.7600,25216
2024-12-19 19:00:00,437.4000,438.2200,437.2100,437.3000,895
2024-12-19 18:55:00,437.5500,437.7100,437.2000,437.4000,550
2024-12-19 18:50:00,437.5100,437.8000,437.2000,437.7900,632
2024-12-19 18:45:00,437.5050,437.8000,437.2100,437.8000,224
2024-12-19 18:40:00,437.5950,437.9900,437.2100,437.5050,801
2024-12-19 18:35:00,438.0500,438.2400,437.2000,437.2000,6343
2024-12-19 18:30:00,438.0300,438.2400,438.0000,438.1200,2836
2024-12-19 18:25:00,437.5000,438.2500,437.5000,438.0200,3126
2024-12-19 18:20:00,437.5700,437.9900,437.5000,437.8000,195
2024-12-19 18:15:00,437.5600,437.9800,437.5000,437.7450,288
2024-12-19 18:10:00,437.5008,437.9800,437.5000,437.7400,370
2024-12-19 18:05:00,437.6000,437.9900,437.1500,437.4500,487
2024-12-19 18:00:00,437.3500,437.9800,437.2500,437.2500,529
2024-12-19 17:55:00,437.7000,437.7000,437.0300,437.3500,686738
2024-12-19 17:50:00,437.2500,437.7000,437.2500,437.4750,133
2024-12-19 17:45:00,437.2600,437.6400,437.2600,437.3650,606
2024-12-19 17:40:00,437.3000,437.7000,437.2800,437.4800,273
2024-12-19 17:35:00,437.6400,437.7000,437.3000,437.5300,281
2024-12-19 17:30:00,437.5700,437.7000,437.0300,437.6399,3804
2024-12-19 17:25:00,437.7100,437.9900,437.5500,437.6300,486
2024-12-19 17:20:00,437.7000,438.0000,437.7000,437.7500,960
2024-12-19 17:15:00,437.7000,437.8000,437.0300,437.7500,370266
2024-12-19 17:10:00,437.5550,437.7500,419.6007,437.6800,241
2024-12-19 17:05:00,437.5050,437.7000,437.3125,437.5550,253
2024-12-19 17:00:00,437.5000,437.7000,428.7245,437.5000,2582
2024-12-19 16:55:00,437.9000,437.9000,413.9804,437.3000,1202
2024-12-19 16:50:00,437.6400,437.9900,437.6000,437.8003,1120
2024-12-19 16:45:00,437.6250,437.9900,437.2600,437.8200,1208
2024-12-19 16:40:00,437.3400,442.6200,415.7600,437.6250,83084
2024-12-19 16:35:00,437.2000,438.0000,436.7000,437.3550,1364
2024-12-19 16:30:00,436.9100,437.3575,436.0500,437.1900,3244
2024-12-19 16:25:00,437.0000,437.0300,436.1600,436.5200,3795
2024-12-19 16:20:00,436.7600,437.0300,436.2500,436.6600,842
2024-12-19 16:15:00,436.4750,437.0300,436.2000,436.6100,206535
2024-12-19 16:10:00,436.3300,437.4000,436.2000,436.4750,32568
2024-12-19 16:05:00,437.0300,437.5000,436.0300,437.4000,436425
2024-12-19 16:00:00,437.0200,449.0350,436.0100,437.0300,11147201
2024-12-19 15:55:00,436.6100,438.8099,436.6000,437.1000,1204687
2024-12-19 15:50:00,437.7600,437.7750,436.3200,436.5200,539317
2024-12-19 15:45:00,438.2150,438.7200,437.7701,437.8690,167161
2024-12-19 15:40:00,438.6450,439.1500,438.2113,438.2700,185999
2024-12-19 15:35:00,437.8800,438.9000,437.2100,438.6799,216808
2024-12-19 15:30:00,438.5600,438.9300,437.7800,437.8400,194455
2024-12-19 15:25:00,439.0800,439.1000,438.4600,438.5850,834308
2024-12-19 15:20:00,438.5900,439.1600,438.2601,439.1100,134677
2024-12-19 15:15:00,437.7700,438.5999,437.6800,438.5300,130435
2024-12-19 15:10:00,438.4900,438.5120,437.4700,437.7600,192950
2024-12-19 15:05:00,438.6000,438.7300,438.3400,438.5407,114733
2024-12-19 15:00:00,439.0100,439.2500,438.4100,438.5600,180693
2024-12-19 14:55:00,439.5500,439.6600,438.9001,439.0250,174591
2024-12-19 14:50:00,439.7475,440.0500,439.5200,439.5200,67999
2024-12-19 14:45:00,439.7750,439.9200,439.6250,439.7000,67598
2024-12-19 14:40:00,439.5900,439.7900,439.1450,439.7750,84706
2024-12-19 14:35:00,439.4300,439.6900,439.2307,439.6000,67669
2024-12-19 14:30:00,440.0085,440.0085,439.3600,439.3800,115190
2024-12-19 14:25:00,440.1500,440.2420,439.8498,440.0500,71462
2024-12-19 14:20:00,440.0950,440.2400,439.7000,440.1600,65507
2024-12-19 14:15:00,440.1750,440.5500,440.0500,440.0950,113490
2024-12-19 14:10:00,439.9900,440.3552,439.6900,440.1750,116212
2024-12-19 14:05:00,440.1000,440.2300,439.7927,440.0200,72723
2024-12-19 14:00:00,440.6300,440.7400,440.0100,440.1200,70538
2024-12-19 13:55:00,439.7700,440.6900,439.7522,440.6300,242515
2024-12-19 13:50:00,440.0464,440.3800,439.7700,439.7700,59089
2024-12-19 13:45:00,439.7550,440.1223,439.5000,440.0450,53737
2024-12-19 13:40:00,439.6800,440.0000,439.6400,439.7400,68710
2024-12-19 13:35:00,439.7895,439.9900,439.6200,439.7100,78194
2024-12-19 13:30:00,440.1850,440.2758,439.8000,439.8200,468595
2024-12-19 13:25:00,440.1650,440.5000,439.9600,440.1850,86111
2024-12-19 13:20:00,439.9000,440.3700,439.7700,440.1800,46050
2024-12-19 13:15:00,440.1800,440.1800,439.6546,439.9200,54032
2024-12-19 13:10:00,439.9575,440.3000,439.9300,440.1400,91321
2024-12-19 13:05:00,439.1600,440.1400,438.9301,439.9867,84498
2024-12-19 13:00:00,440.3550,440.3550,438.9200,439.1500,114806
2024-12-19 12:55:00,439.8900,440.4400,439.8250,440.3550,84107
2024-12-19 12:50:00,440.0100,440.0100,439.5200,439.9000,92492
2024-12-19 12:45:00,440.5200,440.7300,440.0750,440.0750,77857
2024-12-19 12:40:00,440.4700,440.8400,440.3600,440.4750,105177
2024-12-19 12:35:00,440.3100,440.5500,440.0000,440.3800,94247
2024-12-19 12:30:00,439.8500,440.4600,439.6500,440.2950,177267
2024-12-19 12:25:00,440.6600,440.7500,439.8300,439.8820,119058
2024-12-19 12:20:00,441.1900,441.2500,440.4600,440.7100,92978
2024-12-19 12:15:00,441.0699,441.3500,441.0300,441.2000,67588
2024-12-19 12:10:00,441.2150,441.3900,440.8700,441.1096,78517
2024-12-19 12:05:00,441.6200,441.7899,441.0000,441.2600,124558
2024-12-19 12:00:00,442.0750,442.1300,441.5300,441.5800,125046
2024-12-19 11:55:00,441.7500,442.4600,441.6700,442.0850,107294
2024-12-19 11:50:00,442.5600,442.6700,441.6400,441.6500,97169
2024-12-19 11:45:00,442.2300,442.5650,442.0100,442.5600,63685
2024-12-19 11:40:00,442.6700,442.8078,442.0347,442.3355,122702
2024-12-19 11:35:00,442.1950,443.1834,441.6300,442.7700,110416
2024-12-19 11:30:00,442.1100,442.5600,441.7000,442.1211,157919
2024-12-19 11:25:00,442.0300,442.6500,441.9350,442.2800,168206
2024-12-19 11:20:00,440.5250,442.0600,440.4697,441.9700,127993
2024-12-19 11:15:00,440.1550,440.9600,440.1300,440.5650,139102
2024-12-19 11:10:00,440.2000,440.4800,439.8500,440.2300,143390
2024-12-19 11:05:00,440.2548,440.7600,440.1000,440.2000,127885
2024-12-19 11:00:00,441.7900,441.8800,440.1500,440.3300,128900
2024-12-19 10:55:00,441.1400,441.9600,440.7000,441.7600,140493
2024-12-19 10:50:00,441.8400,442.2350,440.9101,441.1500,134437
2024-12-19 10:45:00,441.4550,441.9350,440.7700,441.8800,135149
2024-12-19 10:40:00,440.8000,441.6100,440.4500,441.4900,153346
2024-12-19 10:35:00,440.4370,441.4600,440.0100,440.8017,171763
2024-12-19 10:30:00,440.8500,441.5000,440.1800,440.5000,235748
2024-12-19 10:25:00,440.6701,441.4600,440.5000,441.0800,159221
2024-12-19 10:20:00,441.5150,441.8200,440.1600,440.7150,139046
2024-12-19 10:15:00,441.8050,442.3799,441.3250,441.5450,137848
2024-12-19 10:10:00,440.0174,442.1300,439.9500,441.8000,264686
2024-12-19 10:05:00,439.8700,440.4900,439.6300,440.0220,267859
2024-12-19 10:00:00,439.3600,440.3600,438.3300,439.7750,308903
2024-12-19 09:55:00,438.9500,439.7200,438.3400,439.5400,303399
2024-12-19 09:50:00,440.8500,441.0500,438.8399,438.9150,249984
2024-12-19 09:45:00,440.4324,441.3800,439.5101,440.7700,284733
2024-12-19 09:40:00,441.5900,442.6900,440.2761,440.3550,304610
2024-12-19 09:35:00,441.9500,442.5700,439.7701,441.7100,364556
2024-12-19 09:30:00,441.6200,442.9693,440.9800,441.9900,806639
2024-12-19 09:25:00,442.0000,442.4700,440.8700,441.7900,12598
2024-12-19 09:20:00,441.4000,442.1700,441.4000,442.0600,9447
2024-12-19 09:15:00,441.5600,441.7000,441.4000,441.6200,6128
2024-12-19 09:10:00,441.2500,441.5600,441.0000,441.4650,4607
2024-12-19 09:05:00,440.5700,441.4800,440.3600,441.3000,1989
2024-12-19 09:00:00,440.6100,440.9700,440.2200,440.5700,5633
2024-12-19 08:55:00,441.1900,441.2000,440.6000,440.6100,3234
2024-12-19 08:50:00,441.5600,441.5600,440.6000,441.2000,5487
2024-12-19 08:45:00,441.3050,441.5600,440.3912,441.3300,7309
2024-12-19 08:40:00,441.3000,441.5500,441.1000,441.3050,9823
2024-12-19 08:35:00,441.0584,441.5000,441.0000,441.2982,4792
2024-12-19 08:30:00,441.5200,441.5500,441.0000,441.2450,3236
2024-12-19 08:25:00,441.5300,441.6900,441.1500,441.5500,3787
2024-12-19 08:20:00,441.9100,442.0000,441.3400,441.4500,5070
2024-12-19 08:15:00,442.3000,442.3500,437.3900,442.0100,6159
2024-12-19 08:10:00,442.1550,442.3800,442.0100,442.2200,3690
2024-12-19 08:05:00,437.3900,442.4700,437.3805,442.1500,1743
2024-12-19 08:00:00,440.0485,443.0000,437.3900,442.4700,31980
2024-12-19 07:55:00,442.2000,442.4900,442.1100,442.4900,1398
2024-12-19 07:50:00,442.2500,442.2900,441.9200,442.2000,1377
2024-12-19 07:45:00,441.9300,442.3700,441.9300,442.1800,1687
2024-12-19 07:40:00,441.6700,442.0000,441.6400,441.9900,1635
2024-12-19 07:35:00,441.9600,441.9600,441.4500,441.5200,1619
2024-12-19 07:30:00,442.0600,442.0700,441.6300,441.7800,1432
2024-12-19 07:25:00,442.3600,442.3900,441.8900,442.0000,1834
2024-12-19 07:20:00,442.0000,442.3200,441.9600,442.2600,2305
2024-12-19 07:15:00,441.7000,442.2400,441.5600,441.9200,2428
2024-12-19 07:10:00,441.0000,441.6900,440.9600,441.6900,1794
2024-12-19 07:05:00,441.1900,441.4000,440.9000,441.0500,4381
2024-12-19 07:00:00,440.4400,441.2000,440.3600,440.9200,3172
2024-12-19 06:55:00,440.7700,440.8200,439.3000,440.4500,5588
2024-12-19 06:50:00,440.5900,441.1000,440.5700,440.8200,3233
2024-12-19 06:45:00,440.5900,440.5900,440.3800,440.5800,1922
2024-12-19 06:40:00,440.5700,440.6000,440.5200,440.6000,1734
2024-12-19 06:35:00,440.2600,440.5700,440.1500,440.5700,798
2024-12-19 06:30:00,440.4300,440.5800,440.2600,440.2700,1359
2024-12-19 06:25:00,440.4700,440.4700,440.2300,440.4200,225
2024-12-19 06:20:00,440.3700,440.5900,440.3000,440.4700,1030
2024-12-19 06:15:00,440.3600,440.4700,440.2000,440.4700,635
2024-12-19 06:10:00,440.4900,440.5000,440.3300,440.3800,284
2024-12-19 06:05:00,440.6000,440.6000,440.3800,440.5100,1696
2024-12-19 06:00:00,440.1700,440.6000,440.1100,440.5000,1247
2024-12-19 05:55:00,440.2800,440.4800,440.1700,440.3000,433
2024-12-19 05:50:00,440.1900,440.3000,440.1000,440.2800,842
2024-12-19 05:45:00,440.2600,440.2600,440.0000,440.1900,908
2024-12-19 05:40:00,439.9000,440.1600,439.8200,440.1600,1807
2024-12-19 05:35:00,440.3700,440.3700,439.7900,439.8500,2980
2024-12-19 05:30:00,440.3900,440.5700,440.3400,440.3700,391
2024-12-19 05:25:00,440.3900,440.6000,440.3900,440.5400,2472
2024-12-19 05:20:00,440.2700,440.5600,440.2700,440.4900,774
2024-12-19 05:15:00,440.0300,440.6900,440.0200,440.4900,2018
2024-12-19 05:10:00,439.9900,440.2100,439.7800,440.0400,993
2024-12-19 05:05:00,439.8300,439.9900,439.5600,439.9500,797
2024-12-19 05:00:00,440.1500,440.1500,439.4500,439.9400,2464
2024-12-19 04:55:00,440.3100,440.3400,440.0100,440.1900,1092
2024-12-19 04:50:00,440.3600,440.4900,440.2500,440.2500,984
2024-12-19 04:45:00,440.1700,440.4200,440.0600,440.3200,774
2024-12-19 04:40:00,440.1200,440.3200,440.0000,440.0400,1579
2024-12-19 04:35:00,439.9700,440.4700,439.9100,440.1800,3246
2024-12-19 04:30:00,439.8100,440.1000,439.7500,439.8200,1615
2024-12-19 04:25:00,440.0500,440.3000,439.8800,439.8800,2069
2024-12-19 04:20:00,439.9400,440.2200,439.5100,439.9600,5462
2024-12-19 04:15:00,440.2200,440.4900,439.8700,439.9400,4322
2024-12-19 04:10:00,440.3000,440.6000,440.0900,440.2100,4849
2024-12-19 04:05:00,441.7200,441.7700,440.2300,440.4300,4549
2024-12-19 04:00:00,440.8800,442.2800,438.7900,441.5700,7285
2024-12-18 19:55:00,441.1000,442.0000,441.0000,441.3000,2585
2024-12-18 19:50:00,441.1500,441.3750,441.0000,441.0000,5068
2024-12-18 19:45:00,441.7500,441.7500,441.0000,441.1500,902
2024-12-18 19:40:00,440.6750,441.7500,440.6500,441.5000,3245
2024-12-18 19:35:00,440.7000,440.9500,440.6500,440.6500,1663
2024-12-18 19:30:00,440.7000,440.9500,440.5500,440.7000,2443
2024-12-18 19:25:00,440.6800,440.9488,440.4650,440.6250,3424
2024-12-18 19:20:00,440.2400,440.5200,440.1100,440.5200,1575
2024-12-18 19:15:00,439.8787,440.9500,437.3900,440.2050,5750
2024-12-18 19:10:00,439.9750,440.3000,439.2900,439.8750,1898
2024-12-18 19:05:00,440.2900,440.9500,440.0000,440.3000,2721
2024-12-18 19:00:00,440.2400,440.9700,440.0000,440.3000,3693
2024-12-18 18:55:00,440.6200,441.2100,440.0000,440.8800,4491
2024-12-18 18:50:00,440.5200,441.7500,440.0000,440.6250,4998
2024-12-18 18:45:00,440.0000,441.7400,439.4900,441.0000,4215
2024-12-18 18:40:00,440.5000,441.6600,439.1100,440.5100,6644
2024-12-18 18:35:00,441.2500,441.9500,440.0000,440.5000,3889
2024-12-18 18:30:00,441.4300,442.0000,441.0500,441.3883,2904
2024-12-18 18:25:00,441.2900,441.5600,441.1250,441.5400,7208
2024-12-18 18:20:00,441.2800,441.5600,441.0100,441.3800,1525
2024-12-18 18:15:00,441.2000,441.5800,440.5000,441.2850,6704
2024-12-18 18:10:00,440.9700,441.2300,440.9500,441.0200,13116
2024-12-18 18:05:00,440.8700,441.5000,440.5100,440.9900,9217
2024-12-18 18:00:00,440.5100,440.9700,437.3900,440.8900,223621
2024-12-18 17:55:00,440.4500,440.7500,440.0000,440.5500,1901
2024-12-18 17:50:00,439.8400,440.2250,439.7500,440.2250,5702
2024-12-18 17:45:00,439.7100,439.8500,439.6500,439.7750,2836
2024-12-18 17:40:00,439.6200,439.9500,439.4000,439.7800,11399
2024-12-18 17:35:00,439.1000,439.9500,439.0500,439.7000,9153
2024-12-18 17:30:00,439.1600,439.5000,439.0500,439.1500,1445
2024-12-18 17:25:00,439.4200,439.4200,439.0000,439.1000,1724
2024-12-18 17:20:00,438.7000,439.9000,437.3900,439.2100,69766
2024-12-18 17:15:00,438.3900,439.0000,414.5617,438.8550,735922
2024-12-18 17:10:00,438.1300,438.3900,437.0155,438.3900,3252
2024-12-18 17:05:00,438.2000,438.2000,437.3900,438.2000,7343
2024-12-18 17:00:00,438.0700,467.0362,427.2630,438.1250,3437
2024-12-18 16:55:00,438.1000,467.0362,427.2630,438.1000,29337
2024-12-18 16:50:00,437.9200,438.3000,437.8100,438.1500,6362
2024-12-18 16:45:00,438.2500,439.1600,437.9200,437.9600,8202
2024-12-18 16:40:00,438.5000,439.0000,437.3900,438.0000,12333
2024-12-18 16:35:00,438.6000,439.2500,438.0000,438.4000,12405
2024-12-18 16:30:00,438.2500,439.2500,438.0000,438.5050,13056
2024-12-18 16:25:00,438.7300,439.2500,437.7500,438.1000,8325
2024-12-18 16:20:00,437.9450,439.2500,437.3900,438.7300,13133
2024-12-18 16:15:00,438.1100,438.1900,437.2047,438.1900,32608
2024-12-18 16:10:00,436.7200,451.2100,436.5400,438.0000,32728
2024-12-18 16:05:00,435.9900,437.3900,435.2500,436.8900,39801
2024-12-18 16:00:00,437.3500,438.8300,435.0000,436.0000,11743868
2024-12-18 15:55:00,441.9700,441.9800,437.0200,437.2600,1753441
2024-12-18 15:50:00,441.0500,442.3500,440.3500,441.9900,657233
2024-12-18 15:45:00,438.5900,441.0000,438.0100,440.9400,533413
2024-12-18 15:40:00,439.7000,440.5099,438.1100,438.6900,519077
2024-12-18 15:35:00,442.7300,442.8200,439.6900,439.7700,524242
2024-12-18 15:30:00,443.2100,443.8600,442.1200,442.7862,355836
2024-12-18 15:25:00,444.2800,444.3774,442.6800,443.1400,338272
2024-12-18 15:20:00,444.1700,445.4400,444.0500,444.3250,270295
2024-12-18 15:15:00,444.2400,444.4800,443.5400,444.1179,253522
2024-12-18 15:10:00,444.3900,444.7900,443.7000,444.3000,316819
2024-12-18 15:05:00,444.8700,445.4200,444.2700,444.3000,328302
2024-12-18 15:00:00,446.0500,446.4100,444.6000,444.7425,285727
2024-12-18 14:55:00,446.9450,447.1599,445.8000,445.9400,233991
2024-12-18 14:50:00,448.0350,448.1800,446.8900,446.9450,162052
2024-12-18 14:45:00,447.9000,448.1000,447.0100,447.9200,178092
2024-12-18 14:40:00,447.6950,448.3700,447.6200,447.9100,163383
2024-12-18 14:35:00,448.4600,448.6300,446.9813,447.6950,175310
2024-12-18 14:30:00,448.3800,448.9700,447.6000,448.5900,190549
2024-12-18 14:25:00,449.4900,449.7000,448.2800,448.2900,119826
2024-12-18 14:20:00,448.6350,449.5841,448.4900,449.5100,123834
2024-12-18 14:15:00,449.1700,449.3000,448.2528,448.6900,111516
2024-12-18 14:10:00,449.4100,449.6500,448.6600,449.1400,146518
2024-12-18 14:05:00,450.7900,450.8600,449.2500,449.3100,210563
2024-12-18 14:00:00,451.6100,451.6500,450.0900,450.8550,199375
2024-12-18 13:55:00,451.5300,451.7000,451.3700,451.6000,52157
2024-12-18 13:50:00,451.5692,451.7500,451.3800,451.5100,65149
2024-12-18 13:45:00,451.5250,451.9800,451.4001,451.5500,52009
2024-12-18 13:40:00,451.2500,451.6300,451.2200,451.5500,65839
2024-12-18 13:35:00,451.6150,451.6799,451.1400,451.2250,64974
2024-12-18 13:30:00,451.5400,451.6550,451.4400,451.5800,91237
2024-12-18 13:25:00,451.9250,451.9250,451.4500,451.5435,69273
2024-12-18 13:20:00,451.9300,452.3220,451.8800,451.9250,68113
2024-12-18 13:15:00,451.6000,451.9900,451.4300,451.9000,65282
2024-12-18 13:10:00,451.5400,451.6700,451.3500,451.5450,74836
2024-12-18 13:05:00,451.6900,451.8599,451.4300,451.5200,69584
2024-12-18 13:00:00,452.0800,452.2000,451.6700,451.7947,86736
2024-12-18 12:55:00,452.4800,452.6500,452.0000,452.1000,485788
2024-12-18 12:50:00,452.2514,452.4700,452.1210,452.4700,69469
2024-12-18 12:45:00,451.9900,452.3700,451.9700,452.2900,62270
2024-12-18 12:40:00,451.8750,452.0100,451.7400,452.0000,73559
2024-12-18 12:35:00,451.5900,452.0100,451.5600,451.8500,59213
2024-12-18 12:30:00,451.5500,451.6300,451.2889,451.5750,72909
2024-12-18 12:25:00,452.0100,452.0100,451.5000,451.5800,76428
2024-12-18 12:20:00,452.0400,452.2900,451.9100,451.9650,75720
2024-12-18 12:15:00,451.7900,452.0825,451.7000,452.0029,97159
2024-12-18 12:10:00,452.4800,452.5100,451.6000,451.7000,83260
2024-12-18 12:05:00,452.2000,452.4850,451.9100,452.4801,93108
2024-12-18 12:00:00,452.1950,452.2300,451.8913,452.1400,90319
2024-12-18 11:55:00,452.4350,452.5000,452.1200,452.1400,84891
2024-12-18 11:50:00,451.8700,452.6200,451.8601,452.5000,91666
2024-12-18 11:45:00,452.4650,452.5100,451.8663,451.8663,61671
2024-12-18 11:40:00,452.1500,452.5900,452.0500,452.5000,107064
2024-12-18 11:35:00,451.9669,452.2400,451.8000,452.0800,99743
2024-12-18 11:30:00,452.1700,452.1800,451.7800,452.0300,106114
2024-12-18 11:25:00,451.1300,452.2200,451.1200,452.1150,116613
2024-12-18 11:20:00,451.3500,451.3600,450.8700,451.1550,85384
2024-12-18 11:15:00,451.4200,451.6900,450.8200,451.3600,149348
2024-12-18 11:10:00,452.0000,452.2700,451.3201,451.3201,204807
2024-12-18 11:05:00,451.4800,452.2600,451.3601,451.9600,149148
2024-12-18 11:00:00,451.0050,451.7000,450.8800,451.5100,123375
2024-12-18 10:55:00,450.9100,451.4800,450.8100,450.9732,112044
2024-12-18 10:50:00,451.5000,451.5300,450.9400,450.9800,120087
2024-12-18 10:45:00,451.1650,451.7500,450.7600,451.5200,156109
2024-12-18 10:40:00,450.4800,451.1800,450.2500,451.1800,138977
2024-12-18 10:35:00,449.5314,450.7500,449.5100,450.4750,119613
2024-12-18 10:30:00,450.3700,450.5500,449.2800,449.5850,157853
2024-12-18 10:25:00,449.8700,450.4000,449.5200,450.3700,119750
2024-12-18 10:20:00,450.2300,450.4900,449.7100,449.9000,119404
2024-12-18 10:15:00,450.2200,450.2660,449.2700,450.1300,171493
2024-12-18 10:10:00,449.5700,450.3900,449.3800,450.2150,150245
2024-12-18 10:05:00,449.3000,449.7300,448.6500,449.5290,177830
2024-12-18 10:00:00,448.2975,449.3800,447.7700,449.2547,199364
2024-12-18 09:55:00,448.8800,449.3020,448.1600,448.2400,259028
2024-12-18 09:50:00,448.0200,448.9900,447.7300,448.8800,182948
2024-12-18 09:45:00,448.4700,449.0000,447.5800,448.1000,263890
2024-12-18 09:40:00,448.3800,448.6900,447.0000,448.5600,297999
2024-12-18 09:35:00,448.5050,448.5300,446.1599,448.3150,515047
2024-12-18 09:30:00,451.3200,452.3200,448.1600,448.5629,1133400
2024-12-18 09:25:00,450.9100,451.8200,449.9200,451.4300,36361
2024-12-18 09:20:00,451.0000,451.1200,450.8100,450.9000,8929
2024-12-18 09:15:00,450.8400,451.1200,450.6500,451.0000,12065
2024-12-18 09:10:00,450.9200,451.1600,450.6500,450.8250,9434
2024-12-18 09:05:00,451.4000,451.6900,450.6500,450.9999,27287
2024-12-18 09:00:00,451.5800,451.8600,451.4000,451.5500,10246
2024-12-18 08:55:00,452.4000,452.7200,451.2500,451.7400,5943
2024-12-18 08:50:00,452.3600,452.7375,452.3000,452.3800,2359
2024-12-18 08:45:00,452.6600,452.7300,452.3000,452.4300,6467
2024-12-18 08:40:00,452.7600,453.0000,452.4600,452.7000,4297
2024-12-18 08:35:00,452.9350,454.4600,452.7300,452.7670,160148
2024-12-18 08:30:00,453.7000,453.7300,452.5400,452.9600,12166
2024-12-18 08:25:00,453.0000,453.7000,452.9200,453.6000,3540
2024-12-18 08:20:00,452.7400,453.0800,452.6600,452.9100,5344
2024-12-18 08:15:00,452.6350,452.7500,452.5700,452.6600,4315
2024-12-18 08:10:00,453.4700,453.7200,452.4575,452.6000,6255
2024-12-18 08:05:00,454.4600,454.4600,452.5000,453.4550,5266
2024-12-18 08:00:00,455.0287,455.9188,452.4500,452.7400,15537
2024-12-18 07:55:00,452.6600,453.1100,452.5000,452.7100,7328
2024-12-18 07:50:00,452.9400,453.0700,452.5500,452.6800,9094
2024-12-18 07:45:00,453.4300,453.5000,452.8100,452.9500,6637
2024-12-18 07:40:00,454.3600,454.3800,453.0000,453.5800,10459
2024-12-18 07:35:00,454.4100,454.4200,454.2300,454.3700,206
2024-12-18 07:30:00,454.5800,454.6000,454.1200,454.2700,3321
2024-12-18 07:25:00,454.6700,454.7200,454.4900,454.5800,2203
2024-12-18 07:20:00,454.8200,454.8200,454.6100,454.7400,835
2024-12-18 07:15:00,454.8200,454.8900,454.7600,454.7600,390
2024-12-18 07:10:00,454.7800,454.9500,454.7800,454.8900,702
2024-12-18 07:05:00,454.6400,454.7800,454.6400,454.7800,1440
2024-12-18 07:00:00,454.6900,454.7000,454.6100,454.6500,1470
2024-12-18 06:55:00,454.6800,454.6900,454.5900,454.6600,1177
2024-12-18 06:50:00,454.6200,454.6900,454.6100,454.6500,182
2024-12-18 06:45:00,454.6700,454.6900,454.6200,454.6200,145
2024-12-18 06:40:00,454.7000,454.7000,454.6200,454.6200,390
2024-12-18 06:35:00,454.6900,454.7000,454.6100,454.7000,430
2024-12-18 06:30:00,454.6900,454.7000,454.6300,454.7000,1066
2024-12-18 06:25:00,454.7000,454.7500,454.6100,454.6100,704
2024-12-18 06:20:00,454.7900,454.7900,454.5900,454.7000,1439
2024-12-18 06:15:00,454.8000,455.0200,454.6400,454.8000,2665
2024-12-18 06:10:00,455.1200,455.1400,454.7600,454.8500,2455
2024-12-18 06:05:00,454.7800,455.1200,454.7800,455.1100,1093
2024-12-18 06:00:00,454.8100,454.8900,454.7300,454.7900,998
2024-12-18 05:55:00,454.7400,454.8600,454.7300,454.8600,505
2024-12-18 05:50:00,454.8300,454.8600,454.7700,454.7900,479
2024-12-18 05:45:00,454.8200,454.8700,454.7300,454.8300,220
2024-12-18 05:40:00,454.7500,454.8200,454.6700,454.8200,405
2024-12-18 05:35:00,454.8900,455.0300,454.6800,454.7100,2687
2024-12-18 05:30:00,455.0400,455.0700,454.8800,454.9500,269
2024-12-18 05:25:00,455.0700,455.0700,454.9300,455.0400,105
2024-12-18 05:20:00,454.9800,455.0900,454.8900,454.9200,114
2024-12-18 05:15:00,454.9300,455.0900,454.8300,454.9800,928
2024-12-18 05:10:00,454.7200,455.0900,454.6400,455.0000,3542
2024-12-18 05:05:00,454.8200,454.8200,454.6500,454.7400,620
2024-12-18 05:00:00,454.8600,455.0000,454.8000,454.8200,905
2024-12-18 04:55:00,454.6800,454.8900,454.6100,454.8500,1521
2024-12-18 04:50:00,454.6800,454.6900,454.5700,454.6800,918
2024-12-18 04:45:00,454.7400,454.7600,454.6000,454.6300,587
2024-12-18 04:40:00,454.6200,454.7800,454.6200,454.6700,1105
2024-12-18 04:35:00,454.6300,454.7100,454.5700,454.6500,621
2024-12-18 04:30:00,454.6100,454.7600,454.5000,454.6400,563
2024-12-18 04:25:00,454.4600,454.7000,454.4600,454.6200,2522
2024-12-18 04:20:00,454.4300,454.5600,454.3900,454.5200,1140
2024-12-18 04:15:00,454.5000,454.5800,454.3800,454.5600,521
2024-12-18 04:10:00,454.7600,454.8200,454.3800,454.3800,1644
2024-12-18 04:05:00,454.8900,455.0900,454.6400,454.7300,1934
2024-12-18 04:00:00,455.0100,455.6500,454.6100,454.9800,3938
2024-12-17 19:55:00,454.7800,455.0000,454.6100,454.8050,598
2024-12-17 19:50:00,454.6800,455.0000,454.5200,454.6400,195
2024-12-17 19:45:00,454.4000,455.0000,454.4000,454.6800,966
2024-12-17 19:40:00,454.3650,454.5000,454.2500,454.4100,237
2024-12-17 19:35:00,454.3350,454.5000,454.1900,454.2600,127
2024-12-17 19:30:00,454.1500,454.5000,454.1500,454.5000,165
2024-12-17 19:25:00,454.5000,454.5700,454.1600,454.3000,222
2024-12-17 19:20:00,454.1500,454.6000,454.1500,454.4800,165
2024-12-17 19:15:00,454.3700,454.6000,454.1500,454.3750,300
2024-12-17 19:10:00,454.5000,454.6000,454.0000,454.6000,664
2024-12-17 19:05:00,454.3400,454.6000,453.8500,454.5100,708
2024-12-17 19:00:00,454.1100,454.6000,453.8500,454.1100,125
2024-12-17 18:55:00,455.1900,455.1900,453.8000,454.4000,68
2024-12-17 18:50:00,454.3850,455.2000,453.6300,454.4000,104
2024-12-17 18:45:00,454.4000,455.0000,453.7700,454.1100,290
2024-12-17 18:40:00,454.9017,455.2000,454.0100,454.4000,160
2024-12-17 18:35:00,454.2500,455.2000,453.7600,455.2000,9478
2024-12-17 18:30:00,454.2000,454.9500,453.5500,454.2500,1021
2024-12-17 18:25:00,454.2400,454.4800,453.7350,454.3900,775
2024-12-17 18:20:00,454.1400,454.4800,453.8000,454.2400,296
2024-12-17 18:15:00,453.6001,454.4600,453.6000,454.1000,399
2024-12-17 18:10:00,453.5200,454.0400,453.0000,453.6000,320
2024-12-17 18:05:00,453.7950,454.4800,453.0100,453.6700,660394
2024-12-17 18:00:00,455.4800,455.5500,453.0000,453.7950,9635
2024-12-17 17:55:00,455.2450,455.5500,455.2450,455.5000,8845
2024-12-17 17:50:00,455.0400,455.2900,455.0000,455.2500,1250
2024-12-17 17:45:00,455.1000,455.1900,455.0000,455.0950,2226
2024-12-17 17:40:00,455.0000,455.2100,455.0000,455.2100,1164
2024-12-17 17:35:00,455.1000,455.2100,455.0000,455.0000,1961
2024-12-17 17:30:00,454.7750,455.2100,454.6000,455.1050,3775
2024-12-17 17:25:00,454.4600,454.9500,454.4600,454.6000,129067
2024-12-17 17:20:00,454.4600,454.6000,454.4600,454.4900,180
2024-12-17 17:15:00,454.4800,454.5500,454.4600,454.4900,190
2024-12-17 17:10:00,454.4700,454.6000,454.4600,454.4600,949
2024-12-17 17:05:00,454.4800,454.5000,454.4600,454.4600,1221
2024-12-17 17:00:00,454.5500,454.6000,454.4600,454.4700,874
2024-12-17 16:55:00,454.1767,456.3333,421.5473,454.5100,2726
2024-12-17 16:50:00,454.3800,469.2531,422.3544,454.2600,2119
2024-12-17 16:45:00,453.7500,456.3333,421.5473,454.1300,33462
2024-12-17 16:40:00,454.4250,454.4600,422.3544,454.0200,1013
2024-12-17 16:35:00,454.3050,454.6000,453.0500,453.8200,338
2024-12-17 16:30:00,454.2800,454.6000,453.0600,454.4600,16309
2024-12-17 16:25:00,453.7150,454.4600,435.9500,454.2600,3444
2024-12-17 16:20:00,453.5950,454.3900,453.0000,453.8400,479
2024-12-17 16:15:00,454.4600,454.4600,452.7600,453.6500,4169
2024-12-17 16:10:00,453.5000,454.4600,453.5000,453.8750,2733
2024-12-17 16:05:00,454.1000,454.5483,453.5000,453.6400,1014732
2024-12-17 16:00:00,454.4600,454.4800,453.0500,453.6750,14547287
2024-12-17 15:55:00,455.1850,455.2300,454.1800,454.4800,929878
2024-12-17 15:50:00,453.8650,455.2900,453.8650,455.1900,325766
2024-12-17 15:45:00,454.4250,454.7099,453.7750,453.8600,208047
2024-12-17 15:40:00,454.5000,454.8700,454.3000,454.4500,223396
2024-12-17 15:35:00,454.1800,454.5900,454.0700,454.5300,477123
2024-12-17 15:30:00,453.9300,454.2300,453.8200,454.1777,130349
2024-12-17 15:25:00,453.6500,453.9800,453.5350,453.9200,119803
2024-12-17 15:20:00,453.4925,453.7200,453.3800,453.6475,107222
2024-12-17 15:15:00,453.5900,453.6600,453.3900,453.5100,87683
2024-12-17 15:10:00,453.8900,453.8900,453.3400,453.5850,96056
2024-12-17 15:05:00,453.5400,454.0000,453.4300,453.9200,142292
2024-12-17 15:00:00,454.1300,454.2485,453.4300,453.5471,98785
2024-12-17 14:55:00,454.2698,454.5400,454.1200,454.1600,119788
2024-12-17 14:50:00,453.8999,454.2900,453.8400,454.2400,104095
2024-12-17 14:45:00,453.9800,454.2800,453.5500,453.8250,156071
2024-12-17 14:40:00,453.7700,454.0600,453.4400,454.0100,90561
2024-12-17 14:35:00,453.6900,453.7899,453.3001,453.7450,81530
2024-12-17 14:30:00,453.7300,453.8200,453.4300,453.6600,97937
2024-12-17 14:25:00,453.5700,453.7300,453.4200,453.7300,77837
2024-12-17 14:20:00,453.4550,453.6500,453.3300,453.6100,64608
2024-12-17 14:15:00,453.5150,453.8482,453.3550,453.4500,95465
2024-12-17 14:10:00,453.2600,453.6300,453.2400,453.5300,65900
2024-12-17 14:05:00,453.7300,453.7300,453.1450,453.2600,70905
2024-12-17 14:00:00,453.9100,453.9550,453.6450,453.6450,71211
2024-12-17 13:55:00,453.8900,454.0400,453.7600,453.9000,58063
2024-12-17 13:50:00,453.5800,453.9900,453.5500,453.9193,63011
2024-12-17 13:45:00,454.2000,454.2500,453.5600,453.5950,91638
2024-12-17 13:40:00,453.8000,454.2800,453.6901,454.2100,80399
2024-12-17 13:35:00,453.4100,453.9400,453.3400,453.8150,75174
2024-12-17 13:30:00,453.7300,453.7800,453.1506,453.3900,98751
2024-12-17 13:25:00,453.8800,454.2100,453.6500,453.7300,99707
2024-12-17 13:20:00,453.4731,453.9303,453.1700,453.8407,86259
2024-12-17 13:15:00,453.5500,453.5750,453.3700,453.4400,62971
2024-12-17 13:10:00,453.5300,453.7100,453.4300,453.5800,82396
2024-12-17 13:05:00,453.3000,453.6599,453.1900,453.5800,79057
2024-12-17 13:00:00,453.5900,453.6592,453.2400,453.3400,65046
2024-12-17 12:55:00,453.7694,453.8700,453.4201,453.6600,68449
2024-12-17 12:50:00,453.6993,453.9300,453.6300,453.7100,74068
2024-12-17 12:45:00,454.1600,454.2600,453.6300,453.7100,95288
2024-12-17 12:40:00,454.8300,454.8900,454.1050,454.1050,74022
2024-12-17 12:35:00,454.3150,454.8900,454.1500,454.8900,90054
2024-12-17 12:30:00,454.4600,454.5100,453.9000,454.3213,105857
2024-12-17 12:25:00,453.9500,454.5300,453.8643,454.3550,90263
2024-12-17 12:20:00,454.0027,454.3500,453.8200,453.8950,84848
2024-12-17 12:15:00,454.0000,454.2150,453.9600,454.0027,74499
2024-12-17 12:10:00,454.3400,454.4700,453.7500,453.9750,138708
2024-12-17 12:05:00,454.1550,454.4500,453.9500,454.3600,70063
2024-12-17 12:00:00,455.0150,455.0150,454.1502,454.1502,113824
2024-12-17 11:55:00,454.5250,455.0800,454.5050,455.0100,132965
2024-12-17 11:50:00,455.0250,455.2400,454.3500,454.4950,126877
2024-12-17 11:45:00,454.7200,455.2800,454.6700,455.0400,189057
2024-12-17 11:40:00,454.0200,454.9375,454.0200,454.7800,132577
2024-12-17 11:35:00,454.5000,454.6771,454.0000,454.0000,156358
2024-12-17 11:30:00,453.5600,454.5900,453.5100,454.4700,151959
2024-12-17 11:25:00,453.9300,454.5899,453.4850,453.6150,371052
2024-12-17 11:20:00,453.7700,454.0800,453.1200,453.9414,206597
2024-12-17 11:15:00,454.2284,454.7264,453.6800,453.7350,172879
2024-12-17 11:10:00,454.3100,454.4499,453.6000,454.1400,161351
2024-12-17 11:05:00,453.2700,454.3599,452.9100,454.3299,235393
2024-12-17 11:00:00,453.0400,453.4800,452.5800,453.2700,180430
2024-12-17 10:55:00,452.3600,453.1600,452.2371,453.0000,208441
2024-12-17 10:50:00,451.9400,452.5000,451.8600,452.3500,153534
2024-12-17 10:45:00,451.7800,452.0600,451.4000,451.8800,120518
2024-12-17 10:40:00,451.9350,452.4100,451.3300,451.7376,181234
2024-12-17 10:35:00,451.8300,452.0400,451.2808,451.9200,149639
2024-12-17 10:30:00,451.8200,452.1200,451.5400,451.8450,163948
2024-12-17 10:25:00,451.3600,451.9600,451.2501,451.7900,145393
2024-12-17 10:20:00,451.6750,451.8500,451.0700,451.3600,164510
2024-12-17 10:15:00,450.8300,452.1000,450.7700,451.5903,215557
2024-12-17 10:10:00,450.9000,451.0900,450.5400,450.7900,204052
2024-12-17 10:05:00,450.2000,451.2462,450.1700,450.9250,206659
2024-12-17 10:00:00,450.5700,450.8000,449.5700,450.2300,279612
2024-12-17 09:55:00,452.3400,452.4402,450.3600,450.5700,221187
2024-12-17 09:50:00,451.2300,452.5900,451.1300,452.3973,180944
2024-12-17 09:45:00,452.2150,452.8000,451.0100,451.1056,234728
2024-12-17 09:40:00,450.2000,452.3000,449.8100,452.2899,195455
2024-12-17 09:35:00,450.2600,451.4650,449.9900,450.0800,232943
2024-12-17 09:30:00,451.0100,452.0850,449.8000,450.5122,766310
2024-12-17 09:25:00,451.0000,451.0500,449.5500,451.0100,22101
2024-12-17 09:20:00,450.9200,451.2000,450.1700,451.1800,4986
2024-12-17 09:15:00,450.3250,450.9500,450.1900,450.6750,3335
2024-12-17 09:10:00,450.2700,450.4000,450.1700,450.2900,1587
2024-12-17 09:05:00,450.4000,451.5900,450.2200,450.3000,15142
2024-12-17 09:00:00,450.4000,450.4000,450.1700,450.3050,1546
2024-12-17 08:55:00,450.3900,450.4000,450.1700,450.3600,5336
2024-12-17 08:50:00,450.1974,450.4500,450.1700,450.3150,1655
2024-12-17 08:45:00,450.3800,450.7682,450.2100,450.2900,922
2024-12-17 08:40:00,450.5700,450.7700,450.2200,450.3550,1087
2024-12-17 08:35:00,450.2170,450.7800,450.1700,450.5800,1758
2024-12-17 08:30:00,450.6400,450.7700,450.1700,450.3400,1649
2024-12-17 08:25:00,450.4800,450.6000,450.1700,450.3300,1050
2024-12-17 08:20:00,450.4600,450.5800,450.1700,450.3600,1046
2024-12-17 08:15:00,449.9500,450.5000,449.9500,450.4000,2072
2024-12-17 08:10:00,449.7450,450.2000,449.6000,450.0900,2304
2024-12-17 08:05:00,449.7550,451.5855,449.6000,449.8500,2092
2024-12-17 08:00:00,450.9452,451.5900,448.9612,449.7550,25943
2024-12-17 07:55:00,450.1600,450.1600,450.0000,450.0200,415
2024-12-17 07:50:00,450.2400,450.2600,450.0800,450.0800,658
2024-12-17 07:45:00,450.4800,450.4800,450.2500,450.2500,899
2024-12-17 07:40:00,450.1000,450.4900,450.1000,450.4500,1274
2024-12-17 07:35:00,450.1200,450.1200,450.0000,450.0800,412
2024-12-17 07:30:00,450.0500,450.1200,449.9000,450.0900,399
2024-12-17 07:25:00,450.0600,450.2400,449.9100,449.9100,1301
2024-12-17 07:20:00,449.9500,450.0700,449.8400,450.0700,450
2024-12-17 07:15:00,449.9300,450.1000,449.8500,449.9000,987
2024-12-17 07:10:00,449.7800,449.9800,449.5900,449.9800,1705
2024-12-17 07:05:00,449.8500,449.8500,449.5900,449.6200,337
2024-12-17 07:00:00,449.8100,450.1200,449.4800,449.7000,5507
2024-12-17 06:55:00,449.8300,449.9000,449.6000,449.8000,136
2024-12-17 06:50:00,450.0000,450.0000,449.6000,449.6000,867
2024-12-17 06:45:00,450.1000,450.1000,449.9400,449.9600,1069
2024-12-17 06:40:00,450.4000,450.4000,450.0100,450.1000,361
2024-12-17 06:35:00,450.3400,450.5700,450.1800,450.5400,922
2024-12-17 06:30:00,450.3000,450.6400,450.2600,450.2600,1129
2024-12-17 06:25:00,450.0400,450.3100,450.0000,450.3100,6126
2024-12-17 06:20:00,450.0400,450.2200,450.0100,450.1200,671
2024-12-17 06:15:00,450.0600,450.1600,450.0100,450.1600,315
2024-12-17 06:10:00,450.1800,450.2500,450.0200,450.1600,481
2024-12-17 06:05:00,450.0000,450.1500,450.0000,450.1200,408
2024-12-17 06:00:00,450.2500,450.3000,450.0000,450.0000,536
2024-12-17 05:55:00,450.4500,450.4500,450.1800,450.3800,469
2024-12-17 05:50:00,450.0900,450.5000,450.0900,450.3300,272
2024-12-17 05:45:00,450.2700,450.4300,450.0600,450.3000,571
2024-12-17 05:40:00,450.3400,450.5000,450.1900,450.4500,269
2024-12-17 05:35:00,450.1700,450.3400,450.1100,450.3100,406
2024-12-17 05:30:00,449.9200,450.6000,449.8400,450.2600,1597
2024-12-17 05:25:00,449.7700,450.0100,449.7400,449.9300,747
2024-12-17 05:20:00,449.9200,449.9600,449.7100,449.8000,468
2024-12-17 05:15:00,449.8000,449.9800,449.7000,449.7500,539
2024-12-17 05:10:00,449.9000,450.2000,449.7900,449.9900,1616
2024-12-17 05:05:00,450.0000,450.0900,449.7900,449.9600,573
2024-12-17 05:00:00,450.0000,450.1400,449.8500,449.9200,572
2024-12-17 04:55:00,450.2200,450.2200,449.9300,450.1400,338
2024-12-17 04:50:00,449.7700,450.1400,449.7100,449.9600,691
2024-12-17 04:45:00,449.7800,450.0200,449.5900,449.9500,1224
2024-12-17 04:40:00,449.8900,450.0000,449.5900,449.5900,1089
2024-12-17 04:35:00,449.9000,450.2300,449.8800,449.9000,1879
2024-12-17 04:30:00,450.1100,450.2800,449.8900,450.0200,960
2024-12-17 04:25:00,449.9300,450.1500,449.8800,450.1500,274
2024-12-17 04:20:00,450.3600,450.4500,449.8600,450.0000,1343
2024-12-17 04:15:00,450.3800,450.4500,450.2500,450.2800,335
2024-12-17 04:10:00,450.1300,450.6000,450.1300,450.3800,644
2024-12-17 04:05:00,450.3900,450.6200,450.0000,450.3100,1000
2024-12-17 04:00:00,450.0000,451.0000,449.6100,450.0200,1403
2024-12-16 19:55:00,450.9450,451.2400,450.6800,451.2400,752
2024-12-16 19:50:00,450.8350,451.1200,450.6800,451.1200,672
2024-12-16 19:45:00,450.7450,450.9900,450.5500,450.9900,1140
2024-12-16 19:40:00,450.8600,450.9500,450.5000,450.7450,1293
2024-12-16 19:35:00,450.9500,450.9600,450.5000,450.8200,273
2024-12-16 19:30:00,450.5000,450.9700,450.5000,450.7600,801
2024-12-16 19:25:00,450.5000,450.9800,450.5000,450.7250,382
2024-12-16 19:20:00,450.8800,450.9000,450.5000,450.9000,251
2024-12-16 19:15:00,450.5000,450.9000,450.5000,450.8800,527
2024-12-16 19:10:00,450.3000,450.7100,450.3000,450.7000,848
2024-12-16 19:05:00,450.3000,450.6988,450.3000,450.5000,167
2024-12-16 19:00:00,450.6000,450.9000,450.3000,450.6900,404
2024-12-16 18:55:00,450.5900,450.8988,450.3000,450.6300,232
2024-12-16 18:50:00,450.6350,450.9788,450.3000,450.5900,215
2024-12-16 18:45:00,450.6400,450.9800,450.3000,450.5500,138
2024-12-16 18:40:00,450.6000,450.9800,450.3000,450.6400,416
2024-12-16 18:35:00,450.6800,450.9800,450.3000,450.6400,119
2024-12-16 18:30:00,450.8500,450.9800,450.3800,450.3900,203
2024-12-16 18:25:00,450.5000,450.8900,450.3000,450.6800,288
2024-12-16 18:20:00,450.4900,450.9700,450.0000,450.1800,1038
2024-12-16 18:15:00,450.3500,450.9800,450.0000,450.4900,1550
2024-12-16 18:10:00,450.0600,451.1200,450.0600,450.5850,729
2024-12-16 18:05:00,451.1200,451.1200,450.0500,450.5850,2998
2024-12-16 18:00:00,451.0400,451.5900,450.9700,451.1200,3070
2024-12-16 17:55:00,451.1200,451.1200,451.0100,451.0450,258
2024-12-16 17:50:00,451.1300,451.1400,451.0100,451.0900,270
2024-12-16 17:45:00,451.1200,451.2342,451.0100,451.0312,126
2024-12-16 17:40:00,450.9700,451.2300,450.9700,451.1500,345
2024-12-16 17:35:00,451.0600,451.2300,450.9700,450.9700,307
2024-12-16 17:30:00,450.7200,451.2400,450.6160,451.1050,163
2024-12-16 17:25:00,482.6250,482.6250,450.6000,450.9200,131803
2024-12-16 17:20:00,450.9200,463.4664,450.6000,463.4664,379
2024-12-16 17:15:00,450.6000,463.4664,427.0000,450.9200,370
2024-12-16 17:10:00,450.9150,474.2226,424.5868,450.8000,492
2024-12-16 17:05:00,450.9200,451.2400,419.1138,450.9100,796
2024-12-16 17:00:00,451.1900,451.5900,450.6000,450.9200,225850
2024-12-16 16:55:00,451.1100,451.2600,450.5000,450.6000,270
2024-12-16 16:50:00,450.7300,451.2600,450.2000,451.2000,809
2024-12-16 16:45:00,451.1600,451.5900,450.2000,451.2600,157132
2024-12-16 16:40:00,451.3500,451.5900,451.0200,451.2000,242522
2024-12-16 16:35:00,451.2950,451.5500,451.0100,451.1000,1188
2024-12-16 16:30:00,451.0800,451.5800,451.0000,451.2950,3017
2024-12-16 16:25:00,451.2700,451.2700,421.9000,451.1000,462
2024-12-16 16:20:00,451.5900,451.5900,450.4006,451.0500,42074
2024-12-16 16:15:00,451.5900,451.5900,451.0000,451.1400,1270
2024-12-16 16:10:00,451.4400,451.5900,451.0000,451.1250,8211
2024-12-16 16:05:00,451.5900,451.6700,451.0000,451.2400,175221
2024-12-16 16:00:00,451.7100,451.7900,450.0000,451.5900,15649143
2024-12-16 15:55:00,450.5200,451.7300,450.5200,451.7100,867585
2024-12-16 15:50:00,451.2900,451.3600,450.0901,450.5600,506059
2024-12-16 15:45:00,451.4642,451.5000,450.9400,451.3285,192369
2024-12-16 15:40:00,451.8550,452.1800,451.5300,451.6303,235818
2024-12-16 15:35:00,451.5700,451.9000,451.4100,451.8400,147804
2024-12-16 15:30:00,451.8000,451.8300,451.4100,451.6000,236766
2024-12-16 15:25:00,450.7500,451.8800,450.7500,451.7600,235788
2024-12-16 15:20:00,450.7000,450.8400,450.6200,450.7501,135573
2024-12-16 15:15:00,450.7800,450.9699,450.5600,450.6700,133192
2024-12-16 15:10:00,450.7050,450.8489,450.5546,450.7984,122030
2024-12-16 15:05:00,450.3600,450.7490,450.3600,450.7050,145295
2024-12-16 15:00:00,450.4200,450.5100,450.0714,450.3700,95243
2024-12-16 14:55:00,450.4400,450.6700,450.3000,450.3305,106785
2024-12-16 14:50:00,450.0800,450.4299,450.0400,450.3950,107511
2024-12-16 14:45:00,450.0004,450.1100,449.8200,450.0750,101104
2024-12-16 14:40:00,449.5600,450.0700,449.4900,449.9950,163413
2024-12-16 14:35:00,449.5700,449.7200,449.4301,449.5900,72038
2024-12-16 14:30:00,449.7950,449.8100,449.4949,449.5650,98497
2024-12-16 14:25:00,449.8100,449.8800,449.5000,449.8000,118225
2024-12-16 14:20:00,449.5000,449.8863,449.2100,449.8450,119066
2024-12-16 14:15:00,449.0950,449.6400,449.0400,449.5000,138986
2024-12-16 14:10:00,449.1900,449.2000,448.6300,449.0950,113204
2024-12-16 14:05:00,448.7099,449.2300,448.6312,449.1900,93290
2024-12-16 14:00:00,448.9473,448.9473,448.5500,448.7000,77262
2024-12-16 13:55:00,448.8500,449.0900,448.7900,448.9500,59827
2024-12-16 13:50:00,448.8800,449.0749,448.8601,448.8800,73995
2024-12-16 13:45:00,449.1700,449.2000,448.6200,448.8700,82849
2024-12-16 13:40:00,449.2100,449.3000,448.9000,449.1700,119104
2024-12-16 13:35:00,449.1500,449.4800,449.0401,449.1200,78225
2024-12-16 13:30:00,449.1300,449.4700,449.0200,449.2000,69804
2024-12-16 13:25:00,449.4800,449.6100,449.0100,449.1300,68964
2024-12-16 13:20:00,449.1000,449.5100,449.0300,449.4406,108878
2024-12-16 13:15:00,448.2814,449.1300,448.2801,449.0762,143112
2024-12-16 13:10:00,448.0850,448.3790,448.0500,448.3674,76843
2024-12-16 13:05:00,447.8450,448.1200,447.7800,448.1200,74693
2024-12-16 13:00:00,448.0600,448.1150,447.7500,447.8450,96718
2024-12-16 12:55:00,448.4000,448.4200,447.9600,448.1699,77896
2024-12-16 12:50:00,447.8501,448.3900,447.8000,448.3100,92664
2024-12-16 12:45:00,448.4400,448.5200,447.8301,447.8536,114345
2024-12-16 12:40:00,448.1900,448.5400,448.0740,448.4900,119012
2024-12-16 12:35:00,447.7900,448.2716,447.6100,448.1600,103039
2024-12-16 12:30:00,447.9800,448.1200,447.7100,447.7500,104572
2024-12-16 12:25:00,447.9004,448.0400,447.6900,447.9500,95428
2024-12-16 12:20:00,447.2000,447.9900,447.2000,447.9004,128276
2024-12-16 12:15:00,447.1400,447.3150,447.0200,447.2000,99540
2024-12-16 12:10:00,446.7400,447.2700,446.6101,447.0800,123967
2024-12-16 12:05:00,447.1150,447.2400,446.5500,446.6475,120593
2024-12-16 12:00:00,448.3399,448.4100,446.8750,447.1100,153550
2024-12-16 11:55:00,448.1500,448.3400,447.8200,448.2597,122858
2024-12-16 11:50:00,448.0600,448.2600,447.9100,448.1700,137268
2024-12-16 11:45:00,448.0350,448.1100,447.5000,448.0200,109524
2024-12-16 11:40:00,448.3500,448.4900,447.9500,448.0350,134943
2024-12-16 11:35:00,448.2000,448.5800,447.9700,448.3000,106304
2024-12-16 11:30:00,448.0400,448.2800,447.4200,448.1400,129210
2024-12-16 11:25:00,448.5200,448.6000,448.0101,448.0750,111064
2024-12-16 11:20:00,448.2763,448.6400,448.1700,448.4710,131487
2024-12-16 11:15:00,447.8700,448.4700,447.5801,448.2351,237354
2024-12-16 11:10:00,447.4200,447.8700,447.0200,447.8700,468701
2024-12-16 11:05:00,447.2800,447.7572,446.9700,447.4190,133492
2024-12-16 11:00:00,447.0400,447.5900,446.8400,447.2120,124029
2024-12-16 10:55:00,446.8800,447.2400,446.6900,447.0500,94089
2024-12-16 10:50:00,446.6900,447.2800,446.5673,446.9600,113057
2024-12-16 10:45:00,447.0600,447.1000,446.3800,446.5100,122672
2024-12-16 10:40:00,446.7700,447.2000,446.4600,447.0600,94178
2024-12-16 10:35:00,446.4700,447.0400,446.3700,446.7700,161563
2024-12-16 10:30:00,446.3900,446.5000,445.8500,446.4500,146824
2024-12-16 10:25:00,445.8500,446.4821,445.8500,446.3950,140945
2024-12-16 10:20:00,445.9104,446.3100,445.3856,445.8702,188928
2024-12-16 10:15:00,446.0300,446.2240,445.4900,445.9200,134649
2024-12-16 10:10:00,445.2860,446.3200,445.2860,446.0300,184595
2024-12-16 10:05:00,446.2900,446.3651,445.2800,445.2800,212662
2024-12-16 10:00:00,447.0200,447.1000,446.2100,446.2733,190043
2024-12-16 09:55:00,446.9650,447.0700,445.9300,447.0500,235814
2024-12-16 09:50:00,446.1400,447.1600,445.9324,447.0316,287479
2024-12-16 09:45:00,446.8000,447.0882,446.0100,446.1800,251392
2024-12-16 09:40:00,447.1900,447.2500,445.7600,446.7500,248743
2024-12-16 09:35:00,448.2750,448.7200,446.4200,447.1500,332055
2024-12-16 09:30:00,447.2700,449.1500,446.4200,448.3645,1097527
2024-12-16 09:25:00,447.5000,447.5000,445.3400,447.0000,42505
2024-12-16 09:20:00,447.4000,447.5000,447.0900,447.4500,2217
2024-12-16 09:15:00,447.3900,447.4800,447.1700,447.4100,4623
2024-12-16 09:10:00,447.3800,447.5000,447.1300,447.3900,1441
2024-12-16 09:05:00,447.6900,449.1450,447.2700,449.1450,5292
2024-12-16 09:00:00,447.5500,447.8000,447.5500,447.7400,3702
2024-12-16 08:55:00,447.6900,447.7500,447.5000,447.6000,3755
2024-12-16 08:50:00,447.9100,448.0000,447.6800,447.7100,5332
2024-12-16 08:45:00,447.9800,448.0150,447.9100,447.9100,1672
2024-12-16 08:40:00,448.1100,448.2000,447.8700,448.0050,3706
2024-12-16 08:35:00,448.1000,448.2000,448.0300,448.1200,5316
2024-12-16 08:30:00,447.9900,448.1000,447.9000,448.0650,9486
2024-12-16 08:25:00,447.9900,448.0500,447.8700,447.9200,5018
2024-12-16 08:20:00,447.9797,448.1000,447.8301,447.9001,5780
2024-12-16 08:15:00,447.8300,448.0000,447.8300,447.8300,2347
2024-12-16 08:10:00,447.8318,448.0100,447.2700,447.9800,313805
2024-12-16 08:05:00,448.0000,448.0100,446.1520,447.9000,3998
2024-12-16 08:00:00,446.8300,448.7000,446.4512,448.0100,16739
2024-12-16 07:55:00,447.9900,447.9900,447.7900,447.9700,992
2024-12-16 07:50:00,448.1400,448.1700,447.8200,447.9800,1577
2024-12-16 07:45:00,448.4100,448.4500,448.0100,448.0100,3184
2024-12-16 07:40:00,448.4000,448.6000,448.4000,448.4100,4015
2024-12-16 07:35:00,448.2800,448.4800,448.2300,448.4000,1702
2024-12-16 07:30:00,448.1500,448.3000,448.1500,448.2800,1107
2024-12-16 07:25:00,448.0100,448.1500,448.0000,448.1300,3728
2024-12-16 07:20:00,447.6300,448.1200,447.6100,448.0000,3263
2024-12-16 07:15:00,448.0700,448.1000,447.6000,447.6100,2798
2024-12-16 07:10:00,448.1000,448.1000,447.8600,447.9700,2665
2024-12-16 07:05:00,448.0600,448.1400,447.9300,448.1300,987
2024-12-16 07:00:00,448.1500,448.1600,447.9800,448.0600,3574
2024-12-16 06:55:00,448.2200,448.2300,448.1300,448.1500,461
2024-12-16 06:50:00,448.1200,448.2300,448.1100,448.1400,855
2024-12-16 06:45:00,447.8900,448.0600,447.8400,448.0600,535
2024-12-16 06:40:00,448.0100,448.1400,447.8600,448.0000,972
2024-12-16 06:35:00,448.1000,448.1400,447.7900,447.9100,885
2024-12-16 06:30:00,448.0800,448.1700,448.0400,448.0900,807
2024-12-16 06:25:00,448.0400,448.1000,448.0400,448.1000,105
2024-12-16 06:20:00,448.1400,448.1600,448.0400,448.1000,611
2024-12-16 06:15:00,448.1300,448.1800,448.1300,448.1800,608
2024-12-16 06:10:00,448.1800,448.1800,448.1200,448.1200,446
2024-12-16 06:05:00,448.1300,448.1700,448.0100,448.0700,321
2024-12-16 06:00:00,448.1300,448.1600,448.0800,448.0800,782
2024-12-16 05:55:00,448.3500,448.4100,448.1400,448.1700,616
2024-12-16 05:50:00,448.3900,448.4500,448.3000,448.4000,390
2024-12-16 05:45:00,448.3900,448.4700,448.3000,448.3200,336
2024-12-16 05:40:00,448.4600,448.5000,448.2600,448.3700,163
2024-12-16 05:35:00,448.4500,448.4700,448.2500,448.4600,111
2024-12-16 05:30:00,447.7800,448.6200,447.7600,448.2600,3047
2024-12-16 05:25:00,447.6800,447.8800,447.6400,447.7700,1327
2024-12-16 05:20:00,447.7000,447.7900,447.6500,447.7400,302
2024-12-16 05:15:00,447.6900,447.7700,447.6600,447.6600,333
2024-12-16 05:10:00,447.6200,447.6900,447.5500,447.6700,313
2024-12-16 05:05:00,447.6600,447.7600,447.5400,447.5400,1217
2024-12-16 05:00:00,447.5000,447.7000,447.5000,447.6600,1244
2024-12-16 04:55:00,447.5500,447.6000,447.4800,447.5000,275
2024-12-16 04:50:00,447.6000,447.6700,447.5000,447.6700,270
2024-12-16 04:45:00,447.6800,447.7000,447.5200,447.5200,87
2024-12-16 04:40:00,447.5000,447.7100,447.4300,447.6400,493
2024-12-16 04:35:00,447.5500,447.7100,447.3600,447.5000,460
2024-12-16 04:30:00,447.3700,447.5500,447.3500,447.5500,700
2024-12-16 04:25:00,447.6000,447.6200,447.3000,447.4000,1576
2024-12-16 04:20:00,447.7600,447.8000,447.6100,447.6100,321
2024-12-16 04:15:00,447.6600,447.8500,447.6600,447.7700,480
2024-12-16 04:10:00,447.5300,447.8800,447.4400,447.6500,1357
2024-12-16 04:05:00,447.3300,447.6000,447.2700,447.4000,1191
2024-12-16 04:00:00,446.8000,447.6000,446.8000,447.3000,2642
